City,AQItotal,PM2.5_AQI,PM10_AQI,NO2_AQI,SO2_AQI,CO_AQI,O3_AQI,Date
UongBi/QuangNinh,35,11,35,10,2,6,18,3/19/2025
UongBi/QuangNinh,26,26,25,10,1,6,23,3/20/2025
UongBi/QuangNinh,22,20,12,9,1,6,22,3/21/2025
UongBi/QuangNinh,17,17,13,13,3,6,13,3/22/2025
UongBi/QuangNinh,22,22,13,13,3,6,13,3/23/2025
UongBi/QuangNinh,48,19,33,8,4,6,48,11/22/2024
UongBi/QuangNinh,37,21,28,6,3,6,37,11/23/2024
UongBi/QuangNinh,34,26,29,11,8,6,34,11/24/2024
UongBi/QuangNinh,29,29,23,4,2,6,29,11/25/2024
UongBi/QuangNinh,36,19,34,4,2,6,36,11/26/2024
UongBi/QuangNinh,43,18,43,3,4,6,39,11/27/2024
UongBi/QuangNinh,45,22,40,9,4,6,45,11/28/2024
UongBi/QuangNinh,91,22,57,18,8,6,91,11/29/2024
UongBi/QuangNinh,106,34,56,16,7,6,106,11/30/2024
UongBi/QuangNinh,52,37,52,9,8,6,49,12/1/2024
UongBi/QuangNinh,57,33,57,10,9,6,48,12/2/2024
UongBi/QuangNinh,83,35,50,12,10,6,83,12/3/2024
UongBi/QuangNinh,59,30,50,10,7,6,59,12/4/2024
UongBi/QuangNinh,79,33,57,13,15,6,79,12/5/2024
UongBi/QuangNinh,67,45,53,7,6,6,67,12/6/2024
UongBi/QuangNinh,57,57,33,6,8,6,33,12/7/2024
UongBi/QuangNinh,49,22,49,16,16,6,46,12/8/2024
UongBi/QuangNinh,62,32,62,15,7,6,36,12/9/2024
UongBi/QuangNinh,54,54,31,8,5,6,28,12/10/2024
UongBi/QuangNinh,42,26,42,5,2,6,23,12/11/2024
UongBi/QuangNinh,40,35,40,4,10,6,24,12/12/2024
UongBi/QuangNinh,37,37,35,8,5,6,30,12/13/2024
UongBi/QuangNinh,41,32,30,4,2,6,41,12/14/2024
UongBi/QuangNinh,50,30,50,15,8,6,32,12/15/2024
UongBi/QuangNinh,56,50,56,21,9,6,10,12/16/2024
UongBi/QuangNinh,58,58,56,21,9,6,10,12/17/2024
UongBi/QuangNinh,7,7,6,4,4,6,5,7/7/2024
UongBi/QuangNinh,10,9,10,5,4,6,8,7/8/2024
UongBi/QuangNinh,11,11,10,6,8,6,8,7/9/2024
UongBi/QuangNinh,12,12,7,6,11,6,8,7/10/2024
UongBi/QuangNinh,14,9,7,6,14,6,7,7/11/2024
UongBi/QuangNinh,15,12,8,5,15,6,6,7/12/2024
UongBi/QuangNinh,16,11,4,5,16,6,5,7/13/2024
UongBi/QuangNinh,17,8,5,2,17,6,4,7/14/2024
UongBi/QuangNinh,9,6,9,8,8,6,5,7/15/2024
UongBi/QuangNinh,22,22,4,3,8,6,6,7/16/2024
UongBi/QuangNinh,10,10,2,3,8,6,5,7/17/2024
UongBi/QuangNinh,15,4,2,3,15,6,4,7/18/2024
UongBi/QuangNinh,16,5,5,3,16,6,5,7/19/2024
UongBi/QuangNinh,16,6,7,5,16,6,7,7/20/2024
UongBi/QuangNinh,12,12,5,3,10,6,4,7/21/2024
UongBi/QuangNinh,7,7,2,4,1,6,4,7/22/2024
UongBi/QuangNinh,6,6,2,5,1,6,6,7/23/2024
UongBi/QuangNinh,6,6,4,5,1,6,6,7/24/2024
UongBi/QuangNinh,16,10,14,10,1,6,16,7/25/2024
UongBi/QuangNinh,26,26,11,9,1,6,11,7/26/2024
UongBi/QuangNinh,14,14,7,7,1,6,5,7/27/2024
UongBi/QuangNinh,12,12,4,6,1,6,5,7/28/2024
UongBi/QuangNinh,7,7,3,4,1,6,4,7/29/2024
UongBi/QuangNinh,6,5,5,4,1,6,4,7/30/2024
UongBi/QuangNinh,9,8,9,4,1,6,4,7/31/2024
UongBi/QuangNinh,13,13,7,4,1,6,3,8/1/2024
UongBi/QuangNinh,12,12,8,5,1,6,5,8/2/2024
UongBi/QuangNinh,11,11,6,4,1,6,5,8/3/2024
UongBi/QuangNinh,8,8,5,4,1,6,4,8/4/2024
UongBi/QuangNinh,9,9,5,4,1,6,4,8/5/2024
UongBi/QuangNinh,10,10,6,6,1,6,6,8/7/2024
UongBi/QuangNinh,10,10,8,7,1,6,8,8/8/2024
UongBi/QuangNinh,15,15,8,8,1,6,10,8/9/2024
UongBi/QuangNinh,15,15,4,6,1,6,4,8/10/2024
UongBi/QuangNinh,59,7,5,9,59,6,8,8/11/2024
UongBi/QuangNinh,12,12,4,6, ,6,5,8/12/2024
UongBi/QuangNinh,8,8,6,5,1,6,4,8/13/2024
UongBi/QuangNinh,12,12,7,5,1,6,3,8/14/2024
UongBi/QuangNinh,11,10,11,7,1,6,8,8/15/2024
UongBi/QuangNinh,16,16,8,9,1,6,7,8/16/2024
UongBi/QuangNinh,20,20,6,8,1,6,6,8/17/2024
UongBi/QuangNinh,12,12,7,10,1,6,8,8/18/2024
UongBi/QuangNinh,14,14,4,7,1,6,6,8/19/2024
UongBi/QuangNinh,8,8,7,6,1,6,4,8/20/2024
UongBi/QuangNinh,9,9,6,6, ,6,5,8/21/2024
UongBi/QuangNinh,11,11,4,4,1,6,3,8/22/2024
UongBi/QuangNinh,9,9,4,6,1,6,5,8/23/2024
UongBi/QuangNinh,7,7,3,6,1,6,6,8/24/2024
UongBi/QuangNinh,7,7,5,6,1,6,6,8/25/2024
UongBi/QuangNinh,8,6,5,8,1,6,6,8/26/2024
UongBi/QuangNinh,11,11,6,8,1,6,9,8/27/2024
UongBi/QuangNinh,10,10,9,10,1,6,5,8/28/2024
UongBi/QuangNinh,19,19,6,10,1,6,9,8/29/2024
UongBi/QuangNinh,13,13,6,9,1,6,7,8/30/2024
UongBi/QuangNinh,12,12,3,5,1,6,5,8/31/2024
UongBi/QuangNinh,7,7,6,6,1,6,5,9/1/2024
UongBi/QuangNinh,10,10,7,6,1,6,6,9/2/2024
UongBi/QuangNinh,17,17,9,8,1,6,9,9/3/2024
UongBi/QuangNinh,19,19,8,8,1,6,7,9/4/2024
UongBi/QuangNinh,25,25,10,6,1,6,6,9/5/2024
UongBi/QuangNinh,23,23,10,6,1,6,6,9/6/2024
UongBi/QuangNinh,14,8,14,4,1,6,13,4/1/2024
UongBi/QuangNinh,14,9,14,4,1,6,12,4/2/2024
UongBi/QuangNinh,18,9,14,4,18,6,11,4/3/2024
UongBi/QuangNinh,20,9,15,6,20,6,7,4/4/2024
UongBi/QuangNinh,19,9,12,4,19,6,9,4/5/2024
UongBi/QuangNinh,19,6,11,4,19,6,8,4/6/2024
UongBi/QuangNinh,19,5,7,1,19,6,7,4/7/2024
UongBi/QuangNinh,16,3,10,4,16,6,5,4/8/2024
UongBi/QuangNinh,13,3,11,7,3,6,13,4/9/2024
UongBi/QuangNinh,13,7,13,7,3,6,7,4/10/2024
UongBi/QuangNinh,16,9,16,6,1,6,9,4/11/2024
UongBi/QuangNinh,12,7,12,4,1,6,9,4/12/2024
UongBi/QuangNinh,13,6,13,3, ,6,8,4/13/2024
UongBi/QuangNinh,12,7,12,3,1,6,8,4/14/2024
UongBi/QuangNinh,13,5,10,5, ,6,13,4/15/2024
UongBi/QuangNinh,10,4,10,2,1,6,9,4/16/2024
UongBi/QuangNinh,16,4,9,5, ,6,16,4/17/2024
UongBi/QuangNinh,19,5,13,3, ,6,19,4/18/2024
UongBi/QuangNinh,33,7,14,2, ,6,33,4/19/2024
UongBi/QuangNinh,26,8,15,5,6,6,26,4/20/2024
UongBi/QuangNinh,23,6,11,5,4,6,23,4/21/2024
UongBi/QuangNinh,18,4,13,3,1,6,18,4/22/2024
UongBi/QuangNinh,18,4,18,10,4,6,10,4/23/2024
UongBi/QuangNinh,16,5,16,11,5,6,7,4/24/2024
UongBi/QuangNinh,20,7,20,11,3,6,20,4/25/2024
UongBi/QuangNinh,25,11,21,10,1,6,25,4/26/2024
UongBi/QuangNinh,19,10,19,8,2,6,17,4/27/2024
UongBi/QuangNinh,18,9,16,4, ,6,18,4/28/2024
UongBi/QuangNinh,23,10,19,7,2,6,23,4/29/2024
UongBi/QuangNinh,19,10,12,7,2,6,19,4/30/2024
UongBi/QuangNinh,13,4,6,6,2,6,13,5/1/2024
UongBi/QuangNinh,12,4,4,7,2,6,12,5/2/2024
UongBi/QuangNinh,13,3,6,6,1,6,13,5/3/2024
UongBi/QuangNinh,14,4,14,11,4,6,12,5/4/2024
UongBi/QuangNinh,11,6,8,8,2,6,11,5/5/2024
UongBi/QuangNinh,14,4,9,14,9,6,1,5/6/2024
UongBi/QuangNinh,9,5,9,4,3,6,7,5/7/2024
UongBi/QuangNinh,9,4,7,7,6,6,9,5/8/2024
UongBi/QuangNinh,10,4,9,7,5,6,10,5/9/2024
UongBi/QuangNinh,11,6,11,6,4,6,11,5/10/2024
UongBi/QuangNinh,10,7,6,4,3,6,10,5/11/2024
UongBi/QuangNinh,9,4,8,6,4,6,9,5/12/2024
UongBi/QuangNinh,16,4,16,10,8,6,11,5/13/2024
UongBi/QuangNinh,12,8,12,9,6,6,9,5/14/2024
UongBi/QuangNinh,23,6,21,12,6,6,23,5/15/2024
UongBi/QuangNinh,21,7,21,13,7,6,16,5/16/2024
UongBi/QuangNinh,11,9,11,7,4,6,8,5/17/2024
UongBi/QuangNinh,6,6,4,6,4,6,6,5/18/2024
UongBi/QuangNinh,12,3,5,4,3,6,12,5/19/2024
UongBi/QuangNinh,14,2,9,7,5,6,14,5/20/2024
UongBi/QuangNinh,13,4,9,7,5,6,13,5/21/2024
UongBi/QuangNinh,12,4,10,7,5,6,12,5/22/2024
UongBi/QuangNinh,13,5,8,9,4,6,13,5/23/2024
UongBi/QuangNinh,7,4,3,4,3,6,7,5/24/2024
UongBi/QuangNinh,8,3,5,4,3,6,8,5/25/2024
UongBi/QuangNinh,13,3,11,7,3,6,13,5/26/2024
UongBi/QuangNinh,6,4, , , ,6, ,5/27/2024
UongBi/QuangNinh,72,72,6,2,3,6,14,1/2/2024
UongBi/QuangNinh,26,26,11,9,5,6,16,1/3/2024
UongBi/QuangNinh,27,27,17,20,14,6,17,1/4/2024
UongBi/QuangNinh,54,54,12,14,9,6,16,1/5/2024
UongBi/QuangNinh,49,49,12,10,10,6,18,1/6/2024
UongBi/QuangNinh,41,41,13,10,7,6,16,1/7/2024
UongBi/QuangNinh,39,39,16,12,8,6,16,1/8/2024
UongBi/QuangNinh,53,53,12,10,12,6,13,1/9/2024
UongBi/QuangNinh,49,49, , , ,6, ,1/10/2024
UongBi/QuangNinh,33,33,21,15,28,6,29,1/15/2024
UongBi/QuangNinh,48,48,23,24,31,6,9,1/16/2024
UongBi/QuangNinh,80,80, , , ,6, ,1/17/2024
UongBi/QuangNinh,20,14,12,2,20,6,17,1/25/2024
UongBi/QuangNinh,22,15,7,2,22,6,14,1/26/2024
UongBi/QuangNinh,24,9,7,1,24,6,16,1/27/2024
UongBi/QuangNinh,32,6,10,10,32,6,10,1/28/2024
UongBi/QuangNinh,31,10,16,19,31,6,5,1/29/2024
UongBi/QuangNinh,21,18,15,21,17,6,5,1/30/2024
UongBi/QuangNinh,29,29,13,14,14,6,10,1/31/2024
UongBi/QuangNinh,26,26,11,7,13,6,15,2/1/2024
UongBi/QuangNinh,15,13,12,8,15,6,15,2/2/2024
UongBi/QuangNinh,14,14, , , ,6, ,2/3/2024
UongBi/QuangNinh,20,20, , , ,6, ,2/6/2024
UongBi/QuangNinh,22,13,8,4,13,6,22,2/10/2024
UongBi/QuangNinh,25,15,11,2,9,6,25,2/11/2024
UongBi/QuangNinh,14,11,14,3,9,6,12,2/12/2024
UongBi/QuangNinh,17,15,17,5,10,6,14,2/13/2024
UongBi/QuangNinh,17,17,17,6,13,6,14,2/14/2024
UongBi/QuangNinh,19,19,17,6,13,6,19,2/15/2024
UongBi/QuangNinh,20,20,13,6,11,6,16,2/16/2024
UongBi/QuangNinh,15,15,10,4,11,6,11,2/17/2024
UongBi/QuangNinh,14,14,10,4,11,6,8,2/18/2024
UongBi/QuangNinh,14,14,8,3,12,6,8,2/19/2024
UongBi/QuangNinh,12,12,8,4,12,6,8,2/20/2024
UongBi/QuangNinh,14,14,9,5,12,6,8,2/21/2024
UongBi/QuangNinh,17,10,16,8,17,6,5,2/22/2024
UongBi/QuangNinh,12,12,5,1,9,6,5,2/23/2024
UongBi/QuangNinh,12,2,10,3,12,6,5,2/24/2024
UongBi/QuangNinh,10,10,7,3,10,6,7,2/25/2024
UongBi/QuangNinh,31,5,9,1,11,6,31,2/26/2024
UongBi/QuangNinh,13,6,13,9,13,6,3,2/27/2024
UongBi/QuangNinh,15,15,11,3,10,6,11,2/28/2024
UongBi/QuangNinh,18,7,13,1,11,6,18,2/29/2024
UongBi/QuangNinh,20,6,15,9,11,6,20,3/1/2024
UongBi/QuangNinh,22,8,22,14,17,6,19,3/2/2024
UongBi/QuangNinh,16,13,6,9,9,6,16,3/3/2024
UongBi/QuangNinh,46,7,30,10,13,6,46,3/4/2024
UongBi/QuangNinh,39,19,39,11,11,6,30,3/5/2024
UongBi/QuangNinh,31,20,25,12,31,6,20,3/6/2024
UongBi/QuangNinh,33,15,12,14,33,6,17,3/7/2024
UongBi/QuangNinh,11,11,1,5, ,6,10,3/8/2024
UongBi/QuangNinh,12,3,2,3,8,6,12,3/9/2024
UongBi/QuangNinh,17,1,5,8,5,6,17,3/10/2024
UongBi/QuangNinh,13,3,10,13,7,6,2,3/11/2024
UongBi/QuangNinh,21,6,6,21,5,6,1,3/12/2024
UongBi/QuangNinh,19,6,5,19,8,6,1,3/13/2024
UongBi/QuangNinh,16,4,11,16,11,6,1,3/14/2024
UongBi/QuangNinh,11,11,10,11,4,6,1,3/15/2024
UongBi/QuangNinh,9,8,8,9,3,6, ,3/16/2024
UongBi/QuangNinh,11,7,11,9,5,6,1,3/17/2024
UongBi/QuangNinh,7,6,7,3,2,6,2,3/18/2024
UongBi/QuangNinh,21,3,21,9,1,6,1,3/19/2024
UongBi/QuangNinh,33,6,33,10,5,6,1,3/20/2024
UongBi/QuangNinh,24,9,24,12,4,6,1,3/21/2024
UongBi/QuangNinh,16,9,16,4,2,6,1,3/22/2024
UongBi/QuangNinh,12,7,12,3,3,6,1,3/23/2024
UongBi/QuangNinh,11,6,11,3,5,6,3,3/24/2024
UongBi/QuangNinh,14,4,14,5,6,6,8,3/25/2024
UongBi/QuangNinh,11,5,11,4,8,6,5,3/26/2024
UongBi/QuangNinh,12,6,12,4,7,6,5,3/27/2024
UongBi/QuangNinh,13,5,13,6,8,6,11,3/28/2024
UongBi/QuangNinh,13,7,13,4,7,6,7,3/29/2024
UongBi/QuangNinh,13,5,13,5,9,6,8,3/30/2024
UongBi/QuangNinh,17,6,17,3,8,6,13,3/31/2024
UongBi/QuangNinh,38,38, , , ,6, ,10/5/2023
UongBi/QuangNinh,10,10,3,1,3,6,3,10/9/2023
UongBi/QuangNinh,8,8,4,1, ,6,3,10/10/2023
UongBi/QuangNinh,10,10,4,2, ,6,2,10/11/2023
UongBi/QuangNinh,11,11,10,6, ,6,2,10/12/2023
UongBi/QuangNinh,27,27,9,4, ,6,3,10/13/2023
UongBi/QuangNinh,25,25,6,1, ,6,3,10/14/2023
UongBi/QuangNinh,16,16,9,4, ,6,3,10/15/2023
UongBi/QuangNinh,23,23, , , ,6, ,10/16/2023
UongBi/QuangNinh,30,30,5,2, ,6,3,10/18/2023
UongBi/QuangNinh,15,15,5,1, ,6,3,10/19/2023
UongBi/QuangNinh,10,10,5,2, ,6,3,10/20/2023
UongBi/QuangNinh,11,11,6,3, ,6,3,10/21/2023
UongBi/QuangNinh,15,15,3, , ,6,3,10/22/2023
UongBi/QuangNinh,10,10,8, , ,6,2,10/23/2023
UongBi/QuangNinh,32,24,10,7,1,6,32,10/24/2023
UongBi/QuangNinh,32,25,9,6,2,6,32,10/25/2023
UongBi/QuangNinh,28,25,11,7,1,6,28,10/26/2023
UongBi/QuangNinh,32,32,6,3,1,6,19,10/27/2023
UongBi/QuangNinh,21,21, , , ,6, ,10/28/2023
UongBi/QuangNinh,34,11,9,4,1,6,34,10/30/2023
UongBi/QuangNinh,38,22,13,5, ,6,38,10/31/2023
UongBi/QuangNinh,44,31,15,9,8,6,44,11/1/2023
UongBi/QuangNinh,35,35,11,8, ,6,30,11/2/2023
UongBi/QuangNinh,32,32,9,4, ,6,20,11/3/2023
UongBi/QuangNinh,29,29,9,6, ,6,2,11/4/2023
UongBi/QuangNinh,29,29,8,8, ,6, ,11/5/2023
UongBi/QuangNinh,31,25,11,9, ,6,31,11/6/2023
UongBi/QuangNinh,28,25,15,11, ,6,28,11/7/2023
UongBi/QuangNinh,42,42,9,8, ,6,22,11/8/2023
UongBi/QuangNinh,23,23,6,3, ,6,18,11/9/2023
UongBi/QuangNinh,16,16, , , ,6, ,11/10/2023
UongBi/QuangNinh,30,30,4, , ,6,12,11/12/2023
UongBi/QuangNinh,15,9,6,1, ,6,15,11/13/2023
UongBi/QuangNinh,18,15,11,8, ,6,18,11/14/2023
UongBi/QuangNinh,39,39,10,1,7,6,24,11/15/2023
UongBi/QuangNinh,25,17,21,1,3,6,25,11/16/2023
UongBi/QuangNinh,35,25,35,9,1,6,13,11/17/2023
UongBi/QuangNinh,54,54,26,10,7,6,35,11/18/2023
UongBi/QuangNinh,46,46, , , ,6, ,11/19/2023
UongBi/QuangNinh,51,51,25,11,5,6,36,11/21/2023
UongBi/QuangNinh,51,51,15,8,3,6,29,11/22/2023
UongBi/QuangNinh,42,41,19,8,5,6,42,11/23/2023
UongBi/QuangNinh,44,44,18,8,6,6,40,11/24/2023
UongBi/QuangNinh,49,49,17,6,3,6,35,11/25/2023
UongBi/QuangNinh,51,51,23,12,5,6,41,11/26/2023
UongBi/QuangNinh,61,61,18,7,4,6,44,11/27/2023
UongBi/QuangNinh,51,51,18,7,3,6,45,11/28/2023
UongBi/QuangNinh,53,53,10,4,2,6,24,11/29/2023
UongBi/QuangNinh,42,42,7,2,5,6,24,11/30/2023
UongBi/QuangNinh,24,23,11,1,1,6,24,12/1/2023
UongBi/QuangNinh,46,46,7,2,4,6,20,12/2/2023
UongBi/QuangNinh,44,44,17,4,6,6,15,12/3/2023
UongBi/QuangNinh,52,52,12,10,10,6,9,12/4/2023
UongBi/QuangNinh,37,37,6,4,2,6,22,12/5/2023
UongBi/QuangNinh,28,19,14,9,5,6,28,12/6/2023
UongBi/QuangNinh,43,40,15,13,4,6,43,12/7/2023
UongBi/QuangNinh,33,33,10,7,1,6,32,12/8/2023
UongBi/QuangNinh,31,31,7,6,1,6,24,12/9/2023
UongBi/QuangNinh,26,26,8,5,1,6,18,12/10/2023
UongBi/QuangNinh,26,26,10,10,4,6,18,12/11/2023
UongBi/QuangNinh,39,30,13,10,5,6,39,12/12/2023
UongBi/QuangNinh,47,47,15,9,7,6,27,12/13/2023
UongBi/QuangNinh,54,54,7,5,2,6,7,12/14/2023
UongBi/QuangNinh,25,25,7,6,3,6,12,12/15/2023
UongBi/QuangNinh,20,20,5,1,3,6,14,12/16/2023
UongBi/QuangNinh,36,13,10,5,6,6,36,12/17/2023
UongBi/QuangNinh,34,34,3,1,2,6,14,12/18/2023
UongBi/QuangNinh,24,11,4,1,2,6,24,12/19/2023
UongBi/QuangNinh,31,11,12,1,1,6,31,12/20/2023
UongBi/QuangNinh,37,21,17,1, ,6,37,12/21/2023
UongBi/QuangNinh,37,31,24,7,2,6,37,12/22/2023
UongBi/QuangNinh,43,43,17,4,2,6,37,12/23/2023
UongBi/QuangNinh,37,37, , , ,6, ,12/24/2023
UongBi/QuangNinh,30,23,17,7,11,6,30,7/1/2023
UongBi/QuangNinh,27,24,17,6,10,6,27,7/2/2023
UongBi/QuangNinh,25,24,14,6,11,6,25,7/3/2023
UongBi/QuangNinh,24,19,12,6,11,6,24,7/4/2023
UongBi/QuangNinh,31,16,16,8,12,6,31,7/5/2023
UongBi/QuangNinh,25,25,18,8,12,6,25,7/6/2023
UongBi/QuangNinh,36,36,15,6,11,6,23,7/7/2023
UongBi/QuangNinh,33,33,13,6,11,6,23,7/8/2023
UongBi/QuangNinh,29,28,14,6,11,6,29,7/9/2023
UongBi/QuangNinh,32,23,13,9,12,6,32,7/10/2023
UongBi/QuangNinh,36,20,15,9,12,6,36,7/11/2023
UongBi/QuangNinh,23,23, , , ,6, ,7/12/2023
UongBi/QuangNinh,19,18,19,4,7,6,17,8/2/2023
UongBi/QuangNinh,19,19,7,9,7,7,9,8/3/2023
UongBi/QuangNinh,26,26,13,7,7,5,13,8/4/2023
UongBi/QuangNinh,22,11,22,5,7,5,22,8/5/2023
UongBi/QuangNinh,21,18,21,5,8,5,17,8/6/2023
UongBi/QuangNinh,24,19,23,4,8,5,24,8/7/2023
UongBi/QuangNinh,32,19,23,5,7,6,32,8/8/2023
UongBi/QuangNinh,22,22,22,8,8,6,19,8/9/2023
UongBi/QuangNinh,28,28,14,8,7,6,16,8/10/2023
UongBi/QuangNinh,33,20,21,6,9,7,33,8/11/2023
UongBi/QuangNinh,89,26,19,4,7,89,35,8/12/2023
UongBi/QuangNinh,240,25,18,2,6,240,24,8/13/2023
UongBi/QuangNinh,31,23,20,10,8, ,31,8/14/2023
UongBi/QuangNinh,30,30,20,2,6, ,28,8/15/2023
UongBi/QuangNinh,33,27,32,3,6, ,33,8/16/2023
UongBi/QuangNinh,42,42,24,4,6, ,33,8/17/2023
UongBi/QuangNinh,33,33,18,9,7, ,21,8/18/2023
UongBi/QuangNinh,27,27,15,10,8, ,22,8/19/2023
UongBi/QuangNinh,24,18,18,7,8, ,24,8/20/2023
UongBi/QuangNinh,32,16,18,3,7, ,32,8/21/2023
UongBi/QuangNinh,27,21,13,2,6, ,27,8/22/2023
UongBi/QuangNinh,24,15,14,4,7, ,24,8/23/2023
UongBi/QuangNinh,24,17,13,4,8, ,24,8/24/2023
UongBi/QuangNinh,21,19,16,7,8, ,21,8/25/2023
UongBi/QuangNinh,31,21,23,6,8, ,31,8/26/2023
UongBi/QuangNinh,25,25,17,7,9, ,22,8/27/2023
UongBi/QuangNinh,27,17,11,2,7, ,27,8/28/2023
UongBi/QuangNinh,33,8,10,1,7, ,33,8/29/2023
UongBi/QuangNinh,36,11,12,2,7, ,36,8/30/2023
UongBi/QuangNinh,36,16,14,2,8, ,36,8/31/2023
UongBi/QuangNinh,35,25,14,2,8, ,35,9/1/2023
UongBi/QuangNinh,33,23,8,1,7, ,33,9/2/2023
UongBi/QuangNinh,25,13,6,1,7, ,25,9/3/2023
UongBi/QuangNinh,27,8,16,3,7, ,27,9/4/2023
UongBi/QuangNinh,47,14,23,6,9, ,47,9/5/2023
UongBi/QuangNinh,37,37,19,6,9, ,34,9/6/2023
UongBi/QuangNinh,38,33,17,6,9, ,38,9/7/2023
UongBi/QuangNinh,28,28,14,6,10, ,23,9/8/2023
UongBi/QuangNinh,30,20,19,7,12, ,30,9/9/2023
UongBi/QuangNinh,25,25,15,11,11, ,23,9/10/2023
UongBi/QuangNinh,22,22,12,11,9, ,15,9/11/2023
UongBi/QuangNinh,22,20,8,1,8, ,22,9/12/2023
UongBi/QuangNinh,21,7,6,3,8, ,21,9/13/2023
UongBi/QuangNinh,23,5,8,1,7, ,23,9/14/2023
UongBi/QuangNinh,20,7,11,3,7, ,20,9/15/2023
UongBi/QuangNinh,15,10,15,5,12, ,14,9/16/2023
UongBi/QuangNinh,21,21,12,3,8, ,20,9/17/2023
UongBi/QuangNinh,21,13,12,2,8, ,21,9/18/2023
UongBi/QuangNinh,23,11,12,3,7, ,23,9/19/2023
UongBi/QuangNinh,20,12,15,4,10, ,20,9/20/2023
UongBi/QuangNinh,26,18,17,6,10, ,26,9/21/2023
UongBi/QuangNinh,30,26,19,6,12, ,30,9/22/2023
UongBi/QuangNinh,27,27,20,7,11, ,20,9/23/2023
UongBi/QuangNinh,27,27,20,6,14, ,26,9/24/2023
UongBi/QuangNinh,29,29, , , , , ,9/25/2023
UongBi/QuangNinh,17,7,9,2,7, ,17,9/27/2023
UongBi/QuangNinh,10,10, , , , , ,9/28/2023
UongBi/QuangNinh,18,17,5,3, ,4,18,4/1/2023
UongBi/QuangNinh,20,15,6,2, ,3,20,4/2/2023
UongBi/QuangNinh,19,19,7,3, ,3,19,4/3/2023
UongBi/QuangNinh,25,22,11,3, ,3,25,4/4/2023
UongBi/QuangNinh,28,28,11,5,3,3,24,4/5/2023
UongBi/QuangNinh,29,29,17,14,5,4,19,4/6/2023
UongBi/QuangNinh,28,28,11,3,3,3,24,4/7/2023
UongBi/QuangNinh,23,23,7,5,5,3,20,4/8/2023
UongBi/QuangNinh,25,20,8,25,14,4,9,4/9/2023
UongBi/QuangNinh,39,39,9,12,2,3,22,4/10/2023
UongBi/QuangNinh,21,21,16,21,16,3,11,4/11/2023
UongBi/QuangNinh,48,48,12,14,4,3,17,4/12/2023
UongBi/QuangNinh,30,30,14,15,6,3,15,4/13/2023
UongBi/QuangNinh,37,37,13,9,1,3,22,4/14/2023
UongBi/QuangNinh,44,22,19,10,5,4,44,4/15/2023
UongBi/QuangNinh,41,41,20,7,2,3,22,4/16/2023
UongBi/QuangNinh,36,36,13,3,1,2,21,4/17/2023
UongBi/QuangNinh,29,29,19,9,8,2,21,4/18/2023
UongBi/QuangNinh,44,44,24,17,8,3,32,4/19/2023
UongBi/QuangNinh,46,46,20,17,9,3,31,4/20/2023
UongBi/QuangNinh,47,47,15,10,5,3,30,4/21/2023
UongBi/QuangNinh,41,41,12,3,1,2,21,4/22/2023
UongBi/QuangNinh,31,31,10,2,1,2,16,4/23/2023
UongBi/QuangNinh,22,22, , , , , ,4/24/2023
UongBi/QuangNinh,25,16,8,6,2,1,25,4/27/2023
UongBi/QuangNinh,26,18,7,10,3,1,26,4/28/2023
UongBi/QuangNinh,30,13,30,3,2,3,30,4/29/2023
UongBi/QuangNinh,50,31,40,7,4,4,50,4/30/2023
UongBi/QuangNinh,43,43,19,6,1,4,32,5/1/2023
UongBi/QuangNinh,28,28,8,3, ,3,20,5/2/2023
UongBi/QuangNinh,19,18,7,3,1,2,19,5/3/2023
UongBi/QuangNinh,31,23,11,3,1,2,31,5/4/2023
UongBi/QuangNinh,37,31,12,3,1,2,37,5/5/2023
UongBi/QuangNinh,36,36,13,5,3,2,31,5/6/2023
UongBi/QuangNinh,36,36,6,5,2,3,27,5/7/2023
UongBi/QuangNinh,19,11,7,15,10,3,19,5/8/2023
UongBi/QuangNinh,25,17,7,7,3,2,25,5/9/2023
UongBi/QuangNinh,23,20,7,7,5,2,23,5/10/2023
UongBi/QuangNinh,26,17,4,1,7,3,26,5/11/2023
UongBi/QuangNinh,27,5,2,2,3,2,27,5/12/2023
UongBi/QuangNinh,28,4,4,3,3,2,28,5/13/2023
UongBi/QuangNinh,49,8,11,8,7,2,49,5/14/2023
UongBi/QuangNinh,32,20,7,4, ,2,32,5/15/2023
UongBi/QuangNinh,104,15,16,7,3,2,104,5/16/2023
UongBi/QuangNinh,65,27,28,16,6,1,65,5/17/2023
UongBi/QuangNinh,34,34,20,13, ,1,31,5/18/2023
UongBi/QuangNinh,32,32,16,7, , ,29,5/19/2023
UongBi/QuangNinh,29,29,14,4, ,1,29,5/20/2023
UongBi/QuangNinh,32,32,15,3, ,1,32,5/21/2023
UongBi/QuangNinh,33,33,17,10,5,1,27,5/22/2023
UongBi/QuangNinh,30,30,17,10,4, ,27,5/23/2023
UongBi/QuangNinh,33,33,8,5,3,1,28,5/24/2023
UongBi/QuangNinh,25,15,8,3, , ,25,5/25/2023
UongBi/QuangNinh,21,13,6,2, , ,21,5/26/2023
UongBi/QuangNinh,20,11,8,7,2, ,20,5/27/2023
UongBi/QuangNinh,29,13,16,9,8, ,29,5/28/2023
UongBi/QuangNinh,50,25,11,4,1, ,50,5/29/2023
UongBi/QuangNinh,31,19,11,6,7, ,31,5/30/2023
UongBi/QuangNinh,33,20,9,4,2, ,33,5/31/2023
UongBi/QuangNinh,37,15,11,2, , ,37,6/1/2023
UongBi/QuangNinh,26,16,10,4, , ,26,6/2/2023
UongBi/QuangNinh,14,14, , , , , ,6/3/2023
UongBi/QuangNinh,36,24,13,4,8, ,36,6/6/2023
UongBi/QuangNinh,24,24, , , , , ,6/7/2023
UongBi/QuangNinh,43,34,19,6,9,1,43,6/9/2023
UongBi/QuangNinh,53,31,18,6,9,1,53,6/10/2023
UongBi/QuangNinh,35,26,16,8,11,1,35,6/11/2023
UongBi/QuangNinh,38,24,16,5,8,1,38,6/12/2023
UongBi/QuangNinh,27,27,18,9,10,1,24,6/13/2023
UongBi/QuangNinh,38,28,18,8,12,1,38,6/14/2023
UongBi/QuangNinh,33,33,21,6,9,1,28,6/15/2023
UongBi/QuangNinh,30,27,16,3,8, ,30,6/16/2023
UongBi/QuangNinh,28,28,13,3,8, ,24,6/17/2023
UongBi/QuangNinh,21,20,12,2,7, ,21,6/18/2023
UongBi/QuangNinh,15,15, , , , , ,6/19/2023
UongBi/QuangNinh,22,22,14,8,9, ,17,6/23/2023
UongBi/QuangNinh,21,21,10,7,9, ,14,6/24/2023
UongBi/QuangNinh,25,13,7,3,7, ,25,6/25/2023
UongBi/QuangNinh,20,8,11,8,9, ,20,6/26/2023
UongBi/QuangNinh,19,15,15,5,9, ,19,6/27/2023
UongBi/QuangNinh,23,22,12,4,10,1,23,6/28/2023
UongBi/QuangNinh,31,16,15,5,10,1,31,6/29/2023
UongBi/QuangNinh,34,23,16,7,11, ,34,6/30/2023
UongBi/QuangNinh,8,4,5,5,4,2,8,1/2/2023
UongBi/QuangNinh,13,2,13,13,1,2,8,1/3/2023
UongBi/QuangNinh,11,4,5,3, ,2,11,1/4/2023
UongBi/QuangNinh,20,1,12,3,3,2,20,1/5/2023
UongBi/QuangNinh,21,3,16,12,5,3,21,1/6/2023
UongBi/QuangNinh,22,4,18,14,2,3,22,1/7/2023
UongBi/QuangNinh,15,6,14,15,4,3,12,1/8/2023
UongBi/QuangNinh,8,7,3,8,1,2,5,1/9/2023
UongBi/QuangNinh,2,2, , , , , ,1/10/2023
UongBi/QuangNinh,16,2,7,1,2,1,16,1/12/2023
UongBi/QuangNinh,22,1,22,1, ,1,19,1/13/2023
UongBi/QuangNinh,17,4,17,1, ,1,11,1/14/2023
UongBi/QuangNinh,14,4,14,1, ,2,10,1/15/2023
UongBi/QuangNinh,12,3,12, , ,2,12,1/16/2023
UongBi/QuangNinh,25,3,25,1,6,3,11,1/17/2023
UongBi/QuangNinh,30,4,30,1,11,3,9,1/18/2023
UongBi/QuangNinh,24,6,21,1,3,4,24,1/19/2023
UongBi/QuangNinh,30,6,18,1,3,4,30,1/20/2023
UongBi/QuangNinh,21,6,17,1,2,4,21,1/21/2023
UongBi/QuangNinh,14,6,9,1,2,3,14,1/22/2023
UongBi/QuangNinh,17,4,17,1,7,3,15,1/23/2023
UongBi/QuangNinh,31,3,31,1,9,4,19,1/24/2023
UongBi/QuangNinh,25,7,25,1,12,4,15,1/25/2023
UongBi/QuangNinh,17,7,13,1,10,3,17,1/26/2023
UongBi/QuangNinh,37,3,37,1,10,4,23,1/27/2023
UongBi/QuangNinh,43,5,43,1,9,5,26,1/28/2023
UongBi/QuangNinh,34,6,34,1,10,5,24,1/29/2023
UongBi/QuangNinh,21,20,21,2,14,4,12,1/30/2023
UongBi/QuangNinh,38,38,11,1,8,1,20,1/31/2023
UongBi/QuangNinh,27,27,11,1,7,1,1,2/1/2023
UongBi/QuangNinh,32,32, , , , , ,2/2/2023
UongBi/QuangNinh,19,14,4,8,19,1,10,2/10/2023
UongBi/QuangNinh,23,13,2,4,23,1,10,2/11/2023
UongBi/QuangNinh,26,11,5,2,26,1,11,2/12/2023
UongBi/QuangNinh,23,16,9,1,23,3,11,2/13/2023
UongBi/QuangNinh,25,25,9,2,19,4,10,2/14/2023
UongBi/QuangNinh,20,20,8,3,18,5,10,2/15/2023
UongBi/QuangNinh,24,24,9,6,17,9,10,2/16/2023
UongBi/QuangNinh,346,27,12,10,21,346,10,2/17/2023
UongBi/QuangNinh,29,29,13,8,7, ,9,2/18/2023
UongBi/QuangNinh,33,33,10,10,9, ,11,2/19/2023
UongBi/QuangNinh,22,22,15,13,9, ,14,2/20/2023
UongBi/QuangNinh,35,35,23,16,12, ,16,2/21/2023
UongBi/QuangNinh,50,50,16,10,11, ,15,2/22/2023
UongBi/QuangNinh,36,36,10,6,10, ,13,2/23/2023
UongBi/QuangNinh,22,22,7,5,9,2,15,2/24/2023
UongBi/QuangNinh,16,11,13,10,10,3,16,2/25/2023
UongBi/QuangNinh,23,23,12,8,9,3,20,2/26/2023
UongBi/QuangNinh,24,21,13,10,9,2,24,2/27/2023
UongBi/QuangNinh,31,31,16,13,13,2,27,2/28/2023
UongBi/QuangNinh,48,33,22,10,14,3,48,3/1/2023
UongBi/QuangNinh,45,38,20,11,12,3,45,3/2/2023
UongBi/QuangNinh,40,40,17, ,13,3,38,3/3/2023
UongBi/QuangNinh,66,40,16, ,11,4,66,3/4/2023
UongBi/QuangNinh,47,43,19, ,12,3,47,3/5/2023
UongBi/QuangNinh,41,36,23, ,15,2,41,3/6/2023
UongBi/QuangNinh,35,35,20, ,15,2,28,3/7/2023
UongBi/QuangNinh,38,33,19,4,16,4,38,3/8/2023
UongBi/QuangNinh,37,37,15,5,16,6,35,3/9/2023
UongBi/QuangNinh,33,29,20,9,21,4,33,3/10/2023
UongBi/QuangNinh,33,33,16,8,23,3,31,3/11/2023
UongBi/QuangNinh,44,32,44,3,20,4,29,3/12/2023
UongBi/QuangNinh,49,48,49,7,21,5,43,3/13/2023
UongBi/QuangNinh,59,59,29,12,19,4,27,3/14/2023
UongBi/QuangNinh,49,49,13,13,22,5,20,3/15/2023
UongBi/QuangNinh,62,30,8,5,15,62,24,3/16/2023
UongBi/QuangNinh,90,21,8,4,15,90,29,3/17/2023
UongBi/QuangNinh,23,19,7,3,15, ,23,3/18/2023
UongBi/QuangNinh,20,20,5,3,15,4,18,3/19/2023
UongBi/QuangNinh,17,17,2,3,16,4,17,3/20/2023
UongBi/QuangNinh,31,10,10,3,16,5,31,3/21/2023
UongBi/QuangNinh,31,31,12,3,16,4,29,3/22/2023
UongBi/QuangNinh,35,35,12,3,15,4,24,3/23/2023
UongBi/QuangNinh,35,35,13,15,31,5,10,3/24/2023
UongBi/QuangNinh,41,41,6,2,18,5,15,3/25/2023
UongBi/QuangNinh,24,10,6,2,24,5,17,3/26/2023
UongBi/QuangNinh,23,11,5,1,23,5,16,3/27/2023
UongBi/QuangNinh,24,11,7,6,24,5,11,3/28/2023
UongBi/QuangNinh,17,17,10,11,17,6,9,3/29/2023
UongBi/QuangNinh,22,22,12,17,13,5,12,3/30/2023
UongBi/QuangNinh,26,26,5,16,6,6,8,3/31/2023
UongBi/QuangNinh,26,26,7,4,2,2,9,10/8/2022
UongBi/QuangNinh,14,14,11,2,2,2,11,10/9/2022
UongBi/QuangNinh,17,15,17,4,2,2,16,10/10/2022
UongBi/QuangNinh,24,21,24,13,4,2,9,10/11/2022
UongBi/QuangNinh,34,34,24,14,4,2,25,10/12/2022
UongBi/QuangNinh,33,33,17,7,3,2,22,10/13/2022
UongBi/QuangNinh,29,27,16,1,3,2,29,10/14/2022
UongBi/QuangNinh,25,25,11, ,3,2,9,10/15/2022
UongBi/QuangNinh,24,24, , , , , ,10/16/2022
UongBi/QuangNinh,39,39,13,1,3,2,25,10/18/2022
UongBi/QuangNinh,29,29,4,1,6,2,11,10/19/2022
UongBi/QuangNinh,11,11,3,1,3,2,6,10/20/2022
UongBi/QuangNinh,10,10, , , , , ,10/21/2022
UongBi/QuangNinh,55,55,16,1,4, ,9,10/25/2022
UongBi/QuangNinh,50,50, , , , , ,10/26/2022
UongBi/QuangNinh,47,47,23,2,9,4,26,10/28/2022
UongBi/QuangNinh,50,50,10,1,7,4,3,10/29/2022
UongBi/QuangNinh,37,37,3,1,2,4,14,10/30/2022
UongBi/QuangNinh,15,7,7,1,6,4,15,10/31/2022
UongBi/QuangNinh,11,11, , , , , ,11/1/2022
UongBi/QuangNinh,26,25,10,1,4,2,26,11/4/2022
UongBi/QuangNinh,28,28,8,1,8,3,27,11/5/2022
UongBi/QuangNinh,35,35, , , , , ,11/6/2022
UongBi/QuangNinh,8,1,6,1,8,1,5,12/1/2022
UongBi/QuangNinh,1,1, , , , , ,12/2/2022
UongBi/QuangNinh,11,1,5,1,6,1,11,12/4/2022
UongBi/QuangNinh,15,1,15,3,11,1,8,12/5/2022
UongBi/QuangNinh,11,4,10,1,5,1,11,12/6/2022
UongBi/QuangNinh,8,3,8,1,4,2,8,12/7/2022
UongBi/QuangNinh,8,3,7,1,8,1,6,12/8/2022
UongBi/QuangNinh,11,4,6,1,2,1,11,12/9/2022
UongBi/QuangNinh,18,4,11,1,1,1,18,12/10/2022
UongBi/QuangNinh,24,4,16,1,3,1,24,12/11/2022
UongBi/QuangNinh,21,4,21,2,8,1,21,12/12/2022
UongBi/QuangNinh,26,6,24,1,3,1,26,12/13/2022
UongBi/QuangNinh,32,5,32,3,4,1,22,12/14/2022
UongBi/QuangNinh,28,7,28,2,2,1,7,12/15/2022
UongBi/QuangNinh,35,7,35,1,1,1,23,12/16/2022
UongBi/QuangNinh,26,6,26,1,2,1,23,12/17/2022
UongBi/QuangNinh,24,4,24,2,3,1,23,12/18/2022
UongBi/QuangNinh,19,4,19,3,3,1,5,12/19/2022
UongBi/QuangNinh,31,4,20,1,3,1,31,12/20/2022
UongBi/QuangNinh,23,4,23,3,5,1,19,12/21/2022
UongBi/QuangNinh,27,5,23,2,9,1,27,12/22/2022
UongBi/QuangNinh,30,4,24,2,5,1,30,12/23/2022
UongBi/QuangNinh,29,4,18,2,4, ,29,12/24/2022
UongBi/QuangNinh,24,4,14,2,6,1,24,12/25/2022
UongBi/QuangNinh,61,4,16,3,15,4,61,12/26/2022
UongBi/QuangNinh,25,4,14,2,22,2,25,12/27/2022
UongBi/QuangNinh,15,5,8,1,4,2,15,12/28/2022
UongBi/QuangNinh,14,3,8,4,4,3,14,12/29/2022
UongBi/QuangNinh,18,2,18,11,16,4,10,12/30/2022
UongBi/QuangNinh,15,5,15,13,11,4,15,12/31/2022
UongBi/QuangNinh,12,6,8,9,3,3,12,1/1/2023
UongBi/QuangNinh,19,6,15,1,13,19,1,7/1/2022
UongBi/QuangNinh,7,7, , , , , ,7/2/2022
UongBi/QuangNinh,15,5,15,7,9,10, ,7/4/2022
UongBi/QuangNinh,22,5,22,13,9,11, ,7/5/2022
UongBi/QuangNinh,18,10,10,13,9,18, ,7/6/2022
UongBi/QuangNinh,19,5,19,15,9,16, ,7/7/2022
UongBi/QuangNinh,27,6,16,14,9,27, ,7/8/2022
UongBi/QuangNinh,38,4,12,8,9,38, ,7/9/2022
UongBi/QuangNinh,33,4,8,6,9,33,1,7/10/2022
UongBi/QuangNinh,31,2, ,8,9,31,1,7/11/2022
UongBi/QuangNinh,45,11,15,7,9,45,12,7/23/2022
UongBi/QuangNinh,39,10,14,10,9,39,12,7/24/2022
UongBi/QuangNinh,51,11,13,8,9,51,12,7/25/2022
UongBi/QuangNinh,39,9,13,5,9,39,12,7/26/2022
UongBi/QuangNinh,51,8,14,8,9,51,12,7/27/2022
UongBi/QuangNinh,14,11,14,10,10,2,12,7/28/2022
UongBi/QuangNinh,15,12,15,7,10,3,12,7/29/2022
UongBi/QuangNinh,10,10, , , , , ,7/30/2022
UongBi/QuangNinh,15,7,15,8,10,2,12,8/2/2022
UongBi/QuangNinh,16,10,16,13,11,2,12,8/3/2022
UongBi/QuangNinh,13,11,11,13,11,1,12,8/4/2022
UongBi/QuangNinh,12,10,8,12,11,1,12,8/5/2022
UongBi/QuangNinh,12,7,12,10,11,1,12,8/6/2022
UongBi/QuangNinh,13,7,13,6,11,1,12,8/7/2022
UongBi/QuangNinh,15,7,15,6,11,1,12,8/8/2022
UongBi/QuangNinh,12,10,10,5,12,1,12,8/9/2022
UongBi/QuangNinh,14,8,7,13,9,1,14,8/10/2022
UongBi/QuangNinh,16,7,9,9,7,2,16,8/11/2022
UongBi/QuangNinh,17,5,13,7,9,1,17,8/12/2022
UongBi/QuangNinh,7,7, , , , , ,8/13/2022
UongBi/QuangNinh,21,5,16,10,8,1,21,8/15/2022
UongBi/QuangNinh,21,18,11,8,5,1,21,8/16/2022
UongBi/QuangNinh,30,16,17,13,8,1,30,8/17/2022
UongBi/QuangNinh,29,23,17,12,8,1,29,8/18/2022
UongBi/QuangNinh,22,22,12,10,10,1,19,8/19/2022
UongBi/QuangNinh,20,19,8,6,6,1,20,8/20/2022
UongBi/QuangNinh,19,15,15,7,6,1,19,8/21/2022
UongBi/QuangNinh,25,20,17,11,7,1,25,8/22/2022
UongBi/QuangNinh,38,24,22,10,7,1,38,8/23/2022
UongBi/QuangNinh,34,34,15,12,7,1,26,8/24/2022
UongBi/QuangNinh,30,30,10,6,5,1,21,8/25/2022
UongBi/QuangNinh,25,21,14,6,5,1,25,8/26/2022
UongBi/QuangNinh,22,22,13,5,5,1,19,8/27/2022
UongBi/QuangNinh,24,18,12,5,5,1,24,8/28/2022
UongBi/QuangNinh,23,15,20,13,9,1,23,8/29/2022
UongBi/QuangNinh,32,25,26,11,8,1,32,8/30/2022
UongBi/QuangNinh,39,39,21,16,8,1,27,8/31/2022
UongBi/QuangNinh,34,34, , , , , ,9/1/2022
UongBi/QuangNinh,48,21,32,12,8,3,48,9/5/2022
UongBi/QuangNinh,51,38,32,14,7,3,51,9/6/2022
UongBi/QuangNinh,41,41,5,3,4,3,25,9/7/2022
UongBi/QuangNinh,20,6,5,5,6,3,20,9/8/2022
UongBi/QuangNinh,6,6, , , , , ,9/9/2022
UongBi/QuangNinh,48,29,17,14,9, ,48,9/12/2022
UongBi/QuangNinh,35,35,17,14,10,3,27,9/13/2022
UongBi/QuangNinh,36,36, , , , , ,9/14/2022
UongBi/QuangNinh,27,27,6,6,5,2,14,9/21/2022
UongBi/QuangNinh,17,15,13,7,5,2,17,9/22/2022
UongBi/QuangNinh,31,31,7,4,5,3,15,9/23/2022
UongBi/QuangNinh,19,19, , , , , ,9/24/2022
UongBi/QuangNinh,41,41,26,9,8,7,28,4/13/2022
UongBi/QuangNinh,38,38,27,14,9,8,21,4/14/2022
UongBi/QuangNinh,41,41,33,13,7,7,14,4/15/2022
UongBi/QuangNinh,46,46, , , , , ,4/16/2022
UongBi/QuangNinh,17,16,17,12,5,6,15,4/18/2022
UongBi/QuangNinh,48,17,48,26,19,7,6,4/19/2022
UongBi/QuangNinh,62,62,29,17,7,7,24,4/20/2022
UongBi/QuangNinh,42,42,17,8,1,7,17,4/21/2022
UongBi/QuangNinh,35,35,15,5,1,6,10,4/22/2022
UongBi/QuangNinh,30,30,14,6,1,6,7,4/23/2022
UongBi/QuangNinh,28,28,25,6,1,6,9,4/24/2022
UongBi/QuangNinh,35,35,20,6,1,6,13,4/25/2022
UongBi/QuangNinh,24,24,19,7,1,6,12,4/26/2022
UongBi/QuangNinh,24,24,14,6,1,6,8,4/27/2022
UongBi/QuangNinh,16,16,15,7,1,6,10,4/28/2022
UongBi/QuangNinh,15,14,15,11,3,6,7,4/29/2022
UongBi/QuangNinh,21,16,10,3,1,5,21,4/30/2022
UongBi/QuangNinh,24,6,18,3,1,6,24,5/1/2022
UongBi/QuangNinh,30,14,26,7,3,6,30,5/2/2022
UongBi/QuangNinh,47,17,47,15,7,7,36,5/3/2022
UongBi/QuangNinh,42,28,42,17,6,6,29,5/4/2022
UongBi/QuangNinh,37,28,37,17,4,6,23,5/5/2022
UongBi/QuangNinh,26,26,19,20,4,6,5,5/6/2022
UongBi/QuangNinh,22,22,13,14,4,5,12,5/7/2022
UongBi/QuangNinh,16,13,16,9,2,6,11,5/8/2022
UongBi/QuangNinh,18,18,10,6,1,6,10,5/9/2022
UongBi/QuangNinh,17,14,15,5,1,6,17,5/10/2022
UongBi/QuangNinh,16,15,16,10,2,6,9,5/11/2022
UongBi/QuangNinh,18,18,18,18,3,7,12,5/12/2022
UongBi/QuangNinh,19,18,19,10,3,8,12,5/13/2022
UongBi/QuangNinh,19,11,19,10,3,7,13,5/14/2022
UongBi/QuangNinh,18,14,10,3,1,6,18,5/15/2022
UongBi/QuangNinh,24,5,17,8,3,6,24,5/16/2022
UongBi/QuangNinh,28,10,22,9,3,7,28,5/17/2022
UongBi/QuangNinh,27,17,27,11,4,6,21,5/18/2022
UongBi/QuangNinh,23,22,23,12,3,6,14,5/19/2022
UongBi/QuangNinh,23,22,23,16,6,7,19,5/20/2022
UongBi/QuangNinh,23,23,19,19,11,7,9,5/21/2022
UongBi/QuangNinh,22,22,13,11,3,6,11,5/22/2022
UongBi/QuangNinh,16,13,16,15,3,7,7,5/23/2022
UongBi/QuangNinh,19,16,19,7,1,6,13,5/24/2022
UongBi/QuangNinh,26,16,26,8,5,7,15,5/25/2022
UongBi/QuangNinh,22,22,15, ,20, ,7,5/26/2022
UongBi/QuangNinh,29,21,1, ,29, , ,5/27/2022
UongBi/QuangNinh,31,1,1, ,31, , ,5/28/2022
UongBi/QuangNinh,24,19,24,3,1,6,10,6/1/2022
UongBi/QuangNinh,23,23,22,5, ,6,14,6/2/2022
UongBi/QuangNinh,26,19,26,4, ,5,12,6/3/2022
UongBi/QuangNinh,24,24,12,2, ,5,6,6/4/2022
UongBi/QuangNinh,12,12, , , , , ,6/5/2022
UongBi/QuangNinh,16,14,16,7,1,8,8,6/7/2022
UongBi/QuangNinh,23,14,23,11, ,7,1,6/8/2022
UongBi/QuangNinh,21,17, ,12, ,6,21,6/9/2022
UongBi/QuangNinh,15,4,15,6,7,6,1,6/21/2022
UongBi/QuangNinh,13,7,13,5,7,8,1,6/22/2022
UongBi/QuangNinh,15,6,12,4,7,15,1,6/23/2022
UongBi/QuangNinh,17,5,9,4,7,17,1,6/24/2022
UongBi/QuangNinh,11,4,10,5,7,11,1,6/25/2022
UongBi/QuangNinh,15,4,14,5,7,15,1,6/26/2022
UongBi/QuangNinh,17,5,17,6,7,10,1,6/27/2022
UongBi/QuangNinh,18,6,18,3,11,14,1,6/28/2022
UongBi/QuangNinh,20,6,12,2,13,20,1,6/29/2022
UongBi/QuangNinh,12,5,12,3,12,11,1,6/30/2022
UongBi/QuangNinh,29,29,28,13,13,6,6,1/3/2022
UongBi/QuangNinh,32,32, , , , , ,1/4/2022
UongBi/QuangNinh,26,16,23,26,8,8,11,1/11/2022
UongBi/QuangNinh,24,24,11,8,5,8,16,1/12/2022
UongBi/QuangNinh,24,13,24,17,13,8,11,1/13/2022
UongBi/QuangNinh,30,30, , , , , ,1/14/2022
UongBi/QuangNinh,21,1,3,21,14,8,9,1/24/2022
UongBi/QuangNinh,1,1, , , , , ,1/25/2022
UongBi/QuangNinh,29,7,8,6,2,5,29,2/22/2022
UongBi/QuangNinh,23,7,8,5,3,5,23,2/23/2022
UongBi/QuangNinh,7,7, , , , , ,2/24/2022
UongBi/QuangNinh,30,7,8,12,4,5,30,2/28/2022
UongBi/QuangNinh,25,7,8,22,12,7,25,3/1/2022
UongBi/QuangNinh,34,6, ,13,11,6,34,3/2/2022
UongBi/QuangNinh,15,6,8,10,5,6,15,3/3/2022
UongBi/QuangNinh,6,6, , , , , ,3/4/2022
UongBi/QuangNinh,17,7,8,7,3,5,17,3/16/2022
UongBi/QuangNinh,17,7,8,17,9,7,4,3/17/2022
UongBi/QuangNinh,7,7, , , , , ,3/18/2022
UongBi/QuangNinh,14,6, ,5,12,5,14,3/20/2022
UongBi/QuangNinh,6,6, , , , , ,3/21/2022
UongBi/QuangNinh,88,88,22,22,13,7,9,3/28/2022
UongBi/QuangNinh,53,53, , , , , ,3/29/2022
UongBi/QuangNinh,33,26,33,12,28,9,23,11/3/2021
UongBi/QuangNinh,35,35,22,20,34,10,17,11/4/2021
UongBi/QuangNinh,27,23,23,7,27,10,16,11/5/2021
UongBi/QuangNinh,26,22,24,6,26,11,16,11/6/2021
UongBi/QuangNinh,26,25,25,6,26,12,21,11/7/2021
UongBi/QuangNinh,38,17,38,3,27,19,18,11/8/2021
UongBi/QuangNinh,31,28,31,9,27,23,19,11/9/2021
UongBi/QuangNinh,39,21,39,7,29,24,23,11/10/2021
UongBi/QuangNinh,44,30,44,15,27,23,26,11/11/2021
UongBi/QuangNinh,36,36,34,14,30,22,29,11/12/2021
UongBi/QuangNinh,39,29,39,8,28,24,28,11/13/2021
UongBi/QuangNinh,43,35,43,15,30,23,32,11/14/2021
UongBi/QuangNinh,45,35,45,14,28,24,35,11/15/2021
UongBi/QuangNinh,45,45,31,18,34,15,24,11/16/2021
UongBi/QuangNinh,30,30,28,8,28,7,21,11/17/2021
UongBi/QuangNinh,35,25,35,10,34,8,15,11/18/2021
UongBi/QuangNinh,35,35,29,13,27,8,24,11/19/2021
UongBi/QuangNinh,30,30,21,13,28,7,28,11/20/2021
UongBi/QuangNinh,26,20,17,8,26,7,20,11/21/2021
UongBi/QuangNinh,29,11,29,5,27,9,19,11/22/2021
UongBi/QuangNinh,36,22,36,4,24,7,23,11/23/2021
UongBi/QuangNinh,40,28,40,6,27,6,21,11/24/2021
UongBi/QuangNinh,42,34,42,11,32,6,17,11/25/2021
UongBi/QuangNinh,45,37,45,19,33,7,14,11/26/2021
UongBi/QuangNinh,44,37,44,18,34,33,19,11/27/2021
UongBi/QuangNinh,55,36,49,16,28,55,32,11/28/2021
UongBi/QuangNinh,43,43,42,20,31,38,27,11/29/2021
UongBi/QuangNinh,32,27,31,6,24,7,32,11/30/2021
UongBi/QuangNinh,30,23,25,9,23,4,30,12/1/2021
UongBi/QuangNinh,33,21,33,13,25,4,26,12/2/2021
UongBi/QuangNinh,36,30,36,17,27,5,28,12/3/2021
UongBi/QuangNinh,31,31,31,18,27,5,30,12/4/2021
UongBi/QuangNinh,37,26,31,13,25,5,37,12/5/2021
UongBi/QuangNinh,35,26,31,15,26,5,35,12/6/2021
UongBi/QuangNinh,39,25,36,15,25,4,39,12/7/2021
UongBi/QuangNinh,37,33,37,18,28,5,27,12/8/2021
UongBi/QuangNinh,42,34,42,12,23,5,40,12/9/2021
UongBi/QuangNinh,47,43,37,16,27,6,47,12/10/2021
UongBi/QuangNinh,37,37,30,14,27,5,36,12/11/2021
UongBi/QuangNinh,36,32,24,8,25,5,36,12/12/2021
UongBi/QuangNinh,32,23,32,10,24,6,30,12/13/2021
UongBi/QuangNinh,37,35,35,21,32,6,37,12/14/2021
UongBi/QuangNinh,40,39,35,22,29,6,40,12/15/2021
UongBi/QuangNinh,41,41,29,19,28,5,26,12/16/2021
UongBi/QuangNinh,29,29,23,6,25,6,28,12/17/2021
UongBi/QuangNinh,31,21,31,8,29,5,30,12/18/2021
UongBi/QuangNinh,34,26,21,9,25,6,34,12/19/2021
UongBi/QuangNinh,26,22,22,7,26,5,26,12/20/2021
UongBi/QuangNinh,33,24,33,12,27,5,24,12/21/2021
UongBi/QuangNinh,36,36,29,22,28,7,18,12/22/2021
UongBi/QuangNinh,33,33,31,18,28,8,27,12/23/2021
UongBi/QuangNinh,35,33,35,25,31,9,20,12/24/2021
UongBi/QuangNinh,41,41,35,18,31,6,24,12/25/2021
UongBi/QuangNinh,43,43,7,22,38,6,19,12/26/2021
UongBi/QuangNinh,28,7,15,6,28,6,11,12/27/2021
UongBi/QuangNinh,33,17,13,14,33,5,9,12/28/2021
UongBi/QuangNinh,20,14,10,9,20,5,11,12/29/2021
UongBi/QuangNinh,22,10,22,6,17,5,13,12/30/2021
UongBi/QuangNinh,24,24,23,8,12,6,14,12/31/2021
UongBi/QuangNinh,29,29,24,6,12,6,21,1/1/2022
UongBi/QuangNinh,28,26,27,13,15,6,28,1/2/2022
UongBi/QuangNinh,24,16,13,5,2,24,19,7/4/2021
UongBi/QuangNinh,30,22,30,9,2,14,15,7/5/2021
UongBi/QuangNinh,28,22,28,9,2,1,11,7/6/2021
UongBi/QuangNinh,19,15,19,5,1, ,11,7/7/2021
UongBi/QuangNinh,14,11,13,6,2,1,14,7/8/2021
UongBi/QuangNinh,13,12,13,7,2, ,12,7/9/2021
UongBi/QuangNinh,19,16,19,8,2,1,12,7/10/2021
UongBi/QuangNinh,17,14,17,9,2,1,9,7/11/2021
UongBi/QuangNinh,16,15,16,6,2,1,6,7/12/2021
UongBi/QuangNinh,14,12,14,5,2,1,9,7/14/2021
UongBi/QuangNinh,14,12,14,5,2,2,7,7/15/2021
UongBi/QuangNinh,46,46,39,11,1,1,12,7/22/2021
UongBi/QuangNinh,14,13,14,7,1,1,9,7/23/2021
UongBi/QuangNinh,16,11,15,5,1,1,16,7/24/2021
UongBi/QuangNinh,26,19,22,8,1,1,26,7/25/2021
UongBi/QuangNinh,30,24,30,13,1,1,27,7/26/2021
UongBi/QuangNinh,31,30,31,11,1,1,13,7/27/2021
UongBi/QuangNinh,20,16,20,8, ,1,6,7/28/2021
UongBi/QuangNinh,29,26,29,15,2,1,17,7/29/2021
UongBi/QuangNinh,29,21,24,12,2,1,29,7/30/2021
UongBi/QuangNinh,32,18,23,7, ,1,32,7/31/2021
UongBi/QuangNinh,15,10,12,5,1,1,15,8/1/2021
UongBi/QuangNinh,31,23,25,7,2,1,31,8/2/2021
UongBi/QuangNinh,39,24,26,11,5,1,39,8/3/2021
UongBi/QuangNinh,41,22,22,11,3,1,41,8/4/2021
UongBi/QuangNinh,45,35,33,13,3,1,45,8/5/2021
UongBi/QuangNinh,49,36,33,14,1,1,49,8/6/2021
UongBi/QuangNinh,54,28,27,13,1,1,54,8/7/2021
UongBi/QuangNinh,27,27,27,17,3,1,14,8/8/2021
UongBi/QuangNinh,25,25,23,22,1,1,4,8/9/2021
UongBi/QuangNinh,14,14,13,13,1,1,5,8/10/2021
UongBi/QuangNinh,13,13,13,10,1,1,12,8/11/2021
UongBi/QuangNinh,14,13,13,9,1,1,14,8/12/2021
UongBi/QuangNinh,16,14,16,10,1,1,14,8/13/2021
UongBi/QuangNinh,14,13,14,6,1,1,12,8/14/2021
UongBi/QuangNinh,10,9,10,5,1,1,5,8/15/2021
UongBi/QuangNinh,18,14,18,7, ,1,7,8/16/2021
UongBi/QuangNinh,17,14,17,8, ,1,15,8/17/2021
UongBi/QuangNinh,15,12,14,6,6,1,15,8/18/2021
UongBi/QuangNinh,16,13,16,6,12,1,16,8/19/2021
UongBi/QuangNinh,15,12,15,5,14,1,14,8/20/2021
UongBi/QuangNinh,16,12,14,4,16,1,6,8/21/2021
UongBi/QuangNinh,17,15,15,5,17,1,14,8/22/2021
UongBi/QuangNinh,18,16,17,8,18,1,13,8/23/2021
UongBi/QuangNinh,18,15,17,9,18,1,18,8/24/2021
UongBi/QuangNinh,18,14,14,6,18,1,12,8/25/2021
UongBi/QuangNinh,18,10,11,5,18,1,9,8/26/2021
UongBi/QuangNinh,18,12,14,9,18,1,11,8/27/2021
UongBi/QuangNinh,22,11,14,11,22,1,11,8/28/2021
UongBi/QuangNinh,22,17,18,7,22,1,13,8/29/2021
UongBi/QuangNinh,22,16,19,11,22,1,7,8/30/2021
UongBi/QuangNinh,23,17,20,10,23,1,7,8/31/2021
UongBi/QuangNinh,22,16,19,10,22,1,14,9/1/2021
UongBi/QuangNinh,23,17,18,14,23,1,10,9/2/2021
UongBi/QuangNinh,22,13,15,9,22,1,15,9/3/2021
UongBi/QuangNinh,23,11,12,6,23,1,18,9/4/2021
UongBi/QuangNinh,22,10,11,10,22,1,9,9/5/2021
UongBi/QuangNinh,24,14,17,8,24,1,19,9/6/2021
UongBi/QuangNinh,20,13,18,8,20,1,18,9/7/2021
UongBi/QuangNinh,20,8,10,5,20,1,14,9/8/2021
UongBi/QuangNinh,23,18,21,8,23,1,14,9/9/2021
UongBi/QuangNinh,22,18,22,6,22,1,21,9/10/2021
UongBi/QuangNinh,38,31,37,12,24,1,38,9/11/2021
UongBi/QuangNinh,42,23,27,11,24,1,42,9/12/2021
UongBi/QuangNinh,24,22,24,12,23,1,18,9/13/2021
UongBi/QuangNinh,21,11,13,4,21,1,14,9/14/2021
UongBi/QuangNinh,23,9,12,7,23,1,8,9/15/2021
UongBi/QuangNinh,25,14,15,8,25,1,10,9/16/2021
UongBi/QuangNinh,27,12,16,4,27,1,4,9/17/2021
UongBi/QuangNinh,32,17,21,11,32,1,13,9/21/2021
UongBi/QuangNinh,31,13,17,9,31,1,7,9/22/2021
UongBi/QuangNinh,31,11,15,7,31,1,8,9/23/2021
UongBi/QuangNinh,30,8,9,5,30,1,7,9/24/2021
UongBi/QuangNinh,34,10,12,5,34,1,11,9/25/2021
UongBi/QuangNinh,37,13,14,6,37,1,12,9/26/2021
UongBi/QuangNinh,38,13,14,7,38,1,18,9/27/2021
UongBi/QuangNinh,40,23,25,10,40,1,34,9/28/2021
UongBi/QuangNinh,33,23,25,12,33, ,24,9/29/2021
UongBi/QuangNinh,5,3,3,5,1,1, ,5/17/2021
UongBi/QuangNinh,4,3,4,3,1,2, ,5/18/2021
UongBi/QuangNinh,5,4,5,3, ,2, ,5/19/2021
UongBi/QuangNinh,6,5,5,3, ,6, ,5/20/2021
UongBi/QuangNinh,5,5,5,2,1,5, ,5/21/2021
UongBi/QuangNinh,6,5,4,1,1,6, ,5/22/2021
UongBi/QuangNinh,8,4,6,7,2,8, ,5/23/2021
UongBi/QuangNinh,12,4,4,6,5,12, ,5/24/2021
UongBi/QuangNinh,12,3,3,6,6,12, ,5/25/2021
UongBi/QuangNinh,11,3,3,7, ,11, ,5/26/2021
UongBi/QuangNinh,12,2,3,7,1,12, ,5/27/2021
UongBi/QuangNinh,11,2,3,5, ,11, ,5/28/2021
UongBi/QuangNinh,11,2,6,7,1,11, ,5/29/2021
UongBi/QuangNinh,11,4,6,8, ,11, ,5/30/2021
UongBi/QuangNinh,10,5,6,6, ,10, ,5/31/2021
UongBi/QuangNinh,11,5,6,5, ,11, ,6/1/2021
UongBi/QuangNinh,13,5,6,5, ,13, ,6/2/2021
UongBi/QuangNinh,13,5,13,4,6,13, ,6/3/2021
UongBi/QuangNinh,37,11,37,9,9,12, ,6/4/2021
UongBi/QuangNinh,42,28,42,6,6,13, ,6/5/2021
UongBi/QuangNinh,46,36,46,17,12,13, ,6/6/2021
UongBi/QuangNinh,35,35,19,10,4,11, ,6/7/2021
UongBi/QuangNinh,16,16,12,9,3,11, ,6/8/2021
UongBi/QuangNinh,22,9,22,11,3,11, ,6/9/2021
UongBi/QuangNinh,19,15,19,8,6,11, ,6/10/2021
UongBi/QuangNinh,18,14,18,4,6,11, ,6/11/2021
UongBi/QuangNinh,15,14,15,7,4,11, ,6/12/2021
UongBi/QuangNinh,21,14,21,4,3,11, ,6/13/2021
UongBi/QuangNinh,30,16,30,7,4,12, ,6/14/2021
UongBi/QuangNinh,31,22,31,8,4,12, ,6/15/2021
UongBi/QuangNinh,25,22,25,6,13,19, ,6/16/2021
UongBi/QuangNinh,32,19,29,7,32,14, ,6/17/2021
UongBi/QuangNinh,40,20,40,7,32,38, ,6/18/2021
UongBi/QuangNinh,44,25,44,7,32,25, ,6/19/2021
UongBi/QuangNinh,47,31,47,9,32,21, ,6/20/2021
UongBi/QuangNinh,45,36,45,16,32,28, ,6/21/2021
UongBi/QuangNinh,37,37,35,15,32,13, ,6/22/2021
UongBi/QuangNinh,35,27,35,16,11,18, ,6/23/2021
UongBi/QuangNinh,34,28,34,15,1,21, ,6/24/2021
UongBi/QuangNinh,29,27,29,7,2,23, ,6/25/2021
UongBi/QuangNinh,36,22,36,8,2,12, ,6/26/2021
UongBi/QuangNinh,37,26,37,9,2,17,20,6/27/2021
UongBi/QuangNinh,34,24,34,7,2,19,21,6/28/2021
UongBi/QuangNinh,28,23,18,4,2,28,13,6/29/2021
UongBi/QuangNinh,20,18,1,9,2,16,20,6/30/2021
UongBi/QuangNinh,45,45,35,11,5,4, ,1/4/2021
UongBi/QuangNinh,43,43,43,10,7,5, ,1/5/2021
UongBi/QuangNinh,60,60,25,5,10,4, ,1/6/2021
UongBi/QuangNinh,32,32,12,3,9,4, ,1/7/2021
UongBi/QuangNinh,22,10,22,3,11,3, ,1/8/2021
UongBi/QuangNinh,21,21,19,4,6,2, ,1/9/2021
UongBi/QuangNinh,22,22,19,2,3,2, ,1/10/2021
UongBi/QuangNinh,23,16,23,5,9,3, ,1/11/2021
UongBi/QuangNinh,24,24,24,10,10,4, ,1/12/2021
UongBi/QuangNinh,30,30,21,11,8,4, ,1/13/2021
UongBi/QuangNinh,28,28,22,12,8,5, ,1/14/2021
UongBi/QuangNinh,30,30,22,14,10,5, ,1/15/2021
UongBi/QuangNinh,30,30,20,5,5,4, ,1/16/2021
UongBi/QuangNinh,26,26,19,5,9,4, ,1/17/2021
UongBi/QuangNinh,22,22,22,9,7,5, ,1/18/2021
UongBi/QuangNinh,27,27,22,8,4,5, ,1/19/2021
UongBi/QuangNinh,29,29,14,9,7,6, ,1/20/2021
UongBi/QuangNinh,23,20,23,12,11,7, ,1/21/2021
UongBi/QuangNinh,37,37,24, ,8,7, ,1/22/2021
UongBi/QuangNinh,40,40,14, ,3,6, ,1/23/2021
UongBi/QuangNinh,35,25,9,35,6,4, ,1/24/2021
UongBi/QuangNinh,19,14,7,19,5,4, ,1/25/2021
UongBi/QuangNinh,20,12,9,20,6,5, ,1/26/2021
UongBi/QuangNinh,15,15,6,10,7,5, ,1/27/2021
UongBi/QuangNinh,18,7,9,18,10,6, ,1/28/2021
UongBi/QuangNinh,23,12,10,23,12,5, ,1/29/2021
UongBi/QuangNinh,31,15,8,31,18,4, ,1/30/2021
UongBi/QuangNinh,17,11,5,17,7,4, ,1/31/2021
UongBi/QuangNinh,15,7,5,15,5,4, ,2/1/2021
UongBi/QuangNinh,15,6,4,15,6,4, ,2/2/2021
UongBi/QuangNinh,15,5,4,15,7,4, ,2/3/2021
UongBi/QuangNinh,19,6,4,19,9,4, ,2/4/2021
UongBi/QuangNinh,11,6,3,11,6,4, ,2/5/2021
UongBi/QuangNinh,16,5,3,16,10,4, ,2/6/2021
UongBi/QuangNinh,16,4,3,16,11,5, ,2/7/2021
UongBi/QuangNinh,9,5,1,7,9,5, ,2/8/2021
UongBi/QuangNinh,10,1,2,6,10,5, ,2/9/2021
UongBi/QuangNinh,12,2,2,6,12,5, ,2/10/2021
UongBi/QuangNinh,13,3,3,9,13,5, ,2/11/2021
UongBi/QuangNinh,12,4,4,7,12,5, ,2/12/2021
UongBi/QuangNinh,11,6,6,11,10,5, ,2/13/2021
UongBi/QuangNinh,10,10,3,6,9,5, ,2/14/2021
UongBi/QuangNinh,13,5,4,8,13,4, ,2/15/2021
UongBi/QuangNinh,17,5,5,7,17,5, ,2/16/2021
UongBi/QuangNinh,22,9,4,14,22,6, ,2/17/2021
UongBi/QuangNinh,16,6,6,13,16,6, ,2/18/2021
UongBi/QuangNinh,15,9,6,15,9,6, ,2/19/2021
UongBi/QuangNinh,9,9,3,7,4,5, ,2/20/2021
UongBi/QuangNinh,8,5,2,8,5,4, ,2/21/2021
UongBi/QuangNinh,11,3,2,11,5,4, ,2/22/2021
UongBi/QuangNinh,5,3,1,5,3,4, ,2/23/2021
UongBi/QuangNinh,6,2,1,6,3,4, ,2/24/2021
UongBi/QuangNinh,12,1,1,12,5,4, ,2/25/2021
UongBi/QuangNinh,9,2,1,9,4,5, ,2/26/2021
UongBi/QuangNinh,16,2,1,16,9,5, ,2/27/2021
UongBi/QuangNinh,7,1,1,7,3,4, ,2/28/2021
UongBi/QuangNinh,11,2,4,11,10,5, ,3/1/2021
UongBi/QuangNinh,11,5,2,11,7,6, ,3/2/2021
UongBi/QuangNinh,14,2,1,14,6,6, ,3/3/2021
UongBi/QuangNinh,20,2,2,20,8,7, ,3/4/2021
UongBi/QuangNinh,9,3,9,7,3,4, ,3/5/2021
UongBi/QuangNinh,20,13,20,12,6,5, ,3/6/2021
UongBi/QuangNinh,24,24,20,19,7,5, ,3/7/2021
UongBi/QuangNinh,33,33,19,20,7,4, ,3/8/2021
UongBi/QuangNinh,29,29,17,12,4,4, ,3/9/2021
UongBi/QuangNinh,27,27,20,19,7,4, ,3/10/2021
UongBi/QuangNinh,30,30,20,13,5,5, ,3/11/2021
UongBi/QuangNinh,31,31,23,14,7,5, ,3/12/2021
UongBi/QuangNinh,37,37,18,11,5,4, ,3/13/2021
UongBi/QuangNinh,26,26,16,9,4,4, ,3/14/2021
UongBi/QuangNinh,25,25,16,10,4,4, ,3/15/2021
UongBi/QuangNinh,22,22,14,8,4,5, ,3/16/2021
UongBi/QuangNinh,19,19,12,8,5,12, ,3/17/2021
UongBi/QuangNinh,22,17,10,6,4,22, ,3/18/2021
UongBi/QuangNinh,29,14,10,12,5,29, ,3/19/2021
UongBi/QuangNinh,68,15,8,8,10,68, ,3/20/2021
UongBi/QuangNinh,94,10,23,3,6,94, ,3/21/2021
UongBi/QuangNinh,22,22, , , , , ,3/22/2021
UongBi/QuangNinh,33,33,17,6,17,4, ,10/1/2020
UongBi/QuangNinh,26,26,19,8,17,4, ,10/2/2020
UongBi/QuangNinh,26,26,23,7,17,3, ,10/3/2020
UongBi/QuangNinh,32,32,31,8,17,4, ,10/4/2020
UongBi/QuangNinh,44,44,22,2,16,4, ,10/5/2020
UongBi/QuangNinh,33,33,23,3,18,4, ,10/6/2020
UongBi/QuangNinh,35,35,20,2,19,4, ,10/7/2020
UongBi/QuangNinh,28,28,15,2,18,3, ,10/8/2020
UongBi/QuangNinh,21,21,19,2, ,4, ,10/9/2020
UongBi/QuangNinh,28,28,24,2,21,4, ,10/10/2020
UongBi/QuangNinh,38,38,35,4,18,4, ,10/11/2020
UongBi/QuangNinh,53,53,33,2,18,4, ,10/12/2020
UongBi/QuangNinh,47,47,5,6,17,4, ,10/13/2020
UongBi/QuangNinh,17,7,6,2,17,4, ,10/14/2020
UongBi/QuangNinh,25,8,25,1,17,3, ,10/15/2020
UongBi/QuangNinh,38,38,14,1,17,4, ,10/16/2020
UongBi/QuangNinh,20,17,15,2,20,3, ,10/17/2020
UongBi/QuangNinh,19,19,17,2,18,3, ,10/18/2020
UongBi/QuangNinh,21,21,21,2,20,3, ,10/19/2020
UongBi/QuangNinh,29,29,26,2,19,3, ,10/20/2020
UongBi/QuangNinh,42,33,42,3,19,3, ,10/21/2020
UongBi/QuangNinh,70,56,70,4,17,3, ,10/22/2020
UongBi/QuangNinh,93,93,89,5,18,4, ,10/23/2020
UongBi/QuangNinh,139,139,68,5,18,4, ,10/24/2020
UongBi/QuangNinh,110,110,33,4,18,4, ,10/25/2020
UongBi/QuangNinh,51,49,51,6,18,5, ,10/26/2020
UongBi/QuangNinh,83,83,39,3,18,4, ,10/27/2020
UongBi/QuangNinh,58,58,2,1,17,4, ,10/28/2020
UongBi/QuangNinh,17,3,1,4,17,5, ,10/29/2020
UongBi/QuangNinh,47,47,31,2,18,4, ,11/2/2020
UongBi/QuangNinh,68,34,68,4,18,5, ,11/3/2020
UongBi/QuangNinh,99,99,76,6,18,5, ,11/4/2020
UongBi/QuangNinh,123,123,74,5,18,6, ,11/5/2020
UongBi/QuangNinh,130,130,47,2,18,4, ,11/6/2020
UongBi/QuangNinh,63,63,48,2,18,4, ,11/7/2020
UongBi/QuangNinh,59,58,59,3,17,4, ,11/8/2020
UongBi/QuangNinh,72,72,71,5,18,4, ,11/9/2020
UongBi/QuangNinh,85,85,74,6,18,4, ,11/10/2020
UongBi/QuangNinh,100,100,70,5,18,4, ,11/11/2020
UongBi/QuangNinh,100,100,57,4,18,4, ,11/12/2020
UongBi/QuangNinh,72,72,51,5,18,4, ,11/13/2020
UongBi/QuangNinh,65,65,22,3,17,4, ,11/14/2020
UongBi/QuangNinh,33,33,21,5,17,4, ,11/15/2020
UongBi/QuangNinh,38,33,38,9,17,5, ,11/16/2020
UongBi/QuangNinh,58,58,29,4,17,4, ,11/17/2020
UongBi/QuangNinh,43,43,32,5,17,4, ,11/18/2020
UongBi/QuangNinh,47,47,27,5,17,4, ,11/19/2020
UongBi/QuangNinh,37,37,21,3,17,3, ,11/20/2020
UongBi/QuangNinh,37,27,37,8,19,3, ,11/21/2020
UongBi/QuangNinh,50,50,38,7,20,4, ,11/22/2020
UongBi/QuangNinh,56,56,49,9,21,4, ,11/23/2020
UongBi/QuangNinh,86,86,24,7,18,4, ,11/24/2020
UongBi/QuangNinh,40,40,23,11,21,4, ,11/25/2020
UongBi/QuangNinh,36,36,28,7,21,5, ,11/26/2020
UongBi/QuangNinh,45,45,14,2,18,4, ,11/27/2020
UongBi/QuangNinh,20,20,15,3,20,4, ,11/28/2020
UongBi/QuangNinh,20,19,20,3,19,5, ,11/29/2020
UongBi/QuangNinh,28,28,25,3,18,5, ,11/30/2020
UongBi/QuangNinh,40,40,23,5,19,5, ,12/1/2020
UongBi/QuangNinh,36,36,22,2,18,5, ,12/2/2020
UongBi/QuangNinh,35,35,8,4,22,4, ,12/3/2020
UongBi/QuangNinh,11,10,11,3,4,3, ,12/4/2020
UongBi/QuangNinh,16,16,16,5,8,4, ,12/5/2020
UongBi/QuangNinh,24,24,21,5,8,4, ,12/6/2020
UongBi/QuangNinh,33,33,20,3,4,3, ,12/7/2020
UongBi/QuangNinh,33,33,26,8,8,4, ,12/8/2020
UongBi/QuangNinh,43,43,31,8,11,5, ,12/9/2020
UongBi/QuangNinh,50,50,32,7,6,4, ,12/10/2020
UongBi/QuangNinh,49,49,29,5,3,4, ,12/11/2020
UongBi/QuangNinh,44,44,28,4,2,4, ,12/12/2020
UongBi/QuangNinh,42,42,9,6,3,4, ,12/13/2020
UongBi/QuangNinh,24,24,5,2,5,3, ,12/14/2020
UongBi/QuangNinh,18,7,18,2,10,3, ,12/15/2020
UongBi/QuangNinh,17,17,8,2,6,3, ,12/16/2020
UongBi/QuangNinh,17,9,17,2,9,3, ,12/17/2020
UongBi/QuangNinh,14,14,1,2,10,2, ,12/18/2020
UongBi/QuangNinh,7,5,1,2,7,2, ,12/19/2020
UongBi/QuangNinh,31,25,31,10,14,3, ,12/21/2020
UongBi/QuangNinh,37,37,20,7,10,3, ,12/22/2020
UongBi/QuangNinh,27,27,13,8,6,3, ,12/23/2020
UongBi/QuangNinh,19,17,19,8,5,4, ,12/24/2020
UongBi/QuangNinh,32,25,32,14,11,4, ,12/25/2020
UongBi/QuangNinh,48,48,15,13,5,4, ,12/26/2020
UongBi/QuangNinh,30,23,30,9,3,4, ,12/27/2020
UongBi/QuangNinh,40,40,38,8,3,4, ,12/28/2020
UongBi/QuangNinh,36,36,34,3,2,4, ,12/29/2020
UongBi/QuangNinh,29,21,29,5,3,3, ,12/30/2020
UongBi/QuangNinh,28,28,28,7,6,3, ,12/31/2020
UongBi/QuangNinh,32,32,31,11,9,3, ,1/1/2021
UongBi/QuangNinh,37,35,37,8,4,4, ,1/2/2021
UongBi/QuangNinh,40,40,38,11,10,4, ,1/3/2021
UongBi/QuangNinh,20,20,10,5,19,1, ,7/1/2020
UongBi/QuangNinh,19,16,10,7,19,1, ,7/2/2020
UongBi/QuangNinh,19,15,11,6,19,1, ,7/3/2020
UongBi/QuangNinh,19,16,11,5,19,1, ,7/4/2020
UongBi/QuangNinh,19,16,17,6,19,1, ,7/5/2020
UongBi/QuangNinh,27,27,27,5,19,1, ,7/6/2020
UongBi/QuangNinh,43,43,20,6,22,2, ,7/7/2020
UongBi/QuangNinh,30,30,21,7,19,3, ,7/8/2020
UongBi/QuangNinh,31,31,23,7,19,3, ,7/9/2020
UongBi/QuangNinh,33,33,21,9,21,4, ,7/10/2020
UongBi/QuangNinh,33,33,15,5,19,3, ,7/11/2020
UongBi/QuangNinh,26,26,13,6,19,3, ,7/12/2020
UongBi/QuangNinh,22,22,14,9,21,3, ,7/13/2020
UongBi/QuangNinh,24,24,12,8,20,3, ,7/14/2020
UongBi/QuangNinh,19,19,12,4,19,3, ,7/15/2020
UongBi/QuangNinh,21,21,13,6,19,3, ,7/16/2020
UongBi/QuangNinh,21,21,13,5,19,3, ,7/17/2020
UongBi/QuangNinh,23,23,15,6,19,3, ,7/18/2020
UongBi/QuangNinh,27,27,13,7,19,3, ,7/19/2020
UongBi/QuangNinh,23,23,9,5,19,3, ,7/20/2020
UongBi/QuangNinh,19,15,9,7,19,2, ,7/21/2020
UongBi/QuangNinh,19,16,9,5,19,3, ,7/22/2020
UongBi/QuangNinh,19,16,8,6,19,3, ,7/23/2020
UongBi/QuangNinh,19,14,8,5,19,3, ,7/24/2020
UongBi/QuangNinh,19,13,12,6,19,3, ,7/25/2020
UongBi/QuangNinh,20,20,19,12,20,3, ,7/26/2020
UongBi/QuangNinh,32,32,20,13,20,4, ,7/27/2020
UongBi/QuangNinh,31,31,13,7,19,3, ,7/28/2020
UongBi/QuangNinh,19,19,16,9,19,3, ,7/29/2020
UongBi/QuangNinh,25,25,19,8,20,4, ,7/30/2020
UongBi/QuangNinh,28,28,9,4,20,3, ,7/31/2020
UongBi/QuangNinh,20,13,5,3,20,3, ,8/1/2020
UongBi/QuangNinh,20,7,7,7,20,3, ,8/2/2020
UongBi/QuangNinh,19,11,10,11,19,4, ,8/3/2020
UongBi/QuangNinh,20,14,12,9,20,4, ,8/4/2020
UongBi/QuangNinh,19,18,11,8,19,3, ,8/5/2020
UongBi/QuangNinh,19,17,14,6,19,3, ,8/6/2020
UongBi/QuangNinh,21,21,14,6,20,3, ,8/7/2020
UongBi/QuangNinh,20,19,12,4,20,3, ,8/8/2020
UongBi/QuangNinh,19,16,15,5,19,3, ,8/9/2020
UongBi/QuangNinh,20,20,14,5,20,3, ,8/10/2020
UongBi/QuangNinh,20,20,17,5,20,3, ,8/11/2020
UongBi/QuangNinh,26,26,11,8,20,3, ,8/12/2020
UongBi/QuangNinh,18,18,11,9,18,3, ,8/13/2020
UongBi/QuangNinh,20,16,15,7,20,4, ,8/14/2020
UongBi/QuangNinh,22,22,20,7,20,4, ,8/15/2020
UongBi/QuangNinh,28,28,4,8,20,3, ,8/16/2020
UongBi/QuangNinh,20,13,1,7,20,3, ,8/17/2020
UongBi/QuangNinh,18,16,13,8,18,3, ,8/20/2020
UongBi/QuangNinh,18,17,13,8,18,3, ,8/21/2020
UongBi/QuangNinh,19,16,13,10,19,3, ,8/22/2020
UongBi/QuangNinh,17,17,13,5,17,3, ,8/23/2020
UongBi/QuangNinh,22,15,22,12,18,4, ,8/24/2020
UongBi/QuangNinh,31,31,27,11,18,4, ,8/25/2020
UongBi/QuangNinh,38,38,21,11,18,4, ,8/26/2020
UongBi/QuangNinh,30,30,15,7,17,3, ,8/27/2020
UongBi/QuangNinh,19,19,17,8,17,3, ,8/28/2020
UongBi/QuangNinh,22,22,16,8,17,3, ,8/29/2020
UongBi/QuangNinh,22,21,22,9,18,3, ,8/30/2020
UongBi/QuangNinh,36,30,36,9,18,4, ,8/31/2020
UongBi/QuangNinh,51,51,27,7,18,4, ,9/1/2020
UongBi/QuangNinh,40,40,25,11,18,4, ,9/2/2020
UongBi/QuangNinh,39,39,18,9,18,4, ,9/3/2020
UongBi/QuangNinh,27,27,11,7,17,3, ,9/4/2020
UongBi/QuangNinh,16,16,10,4,16,3, ,9/5/2020
UongBi/QuangNinh,17,13,17,8,17,4, ,9/6/2020
UongBi/QuangNinh,24,24,18,14,19,4, ,9/7/2020
UongBi/QuangNinh,25,25,10,11,18,3, ,9/8/2020
UongBi/QuangNinh,17,13,13,8,17,3, ,9/9/2020
UongBi/QuangNinh,18,18,5,8,16,3, ,9/10/2020
UongBi/QuangNinh,16,12,2,8,16,3, ,9/11/2020
UongBi/QuangNinh,35,35,23,10,16,3, ,9/14/2020
UongBi/QuangNinh,33,33,18,6,16,3, ,9/15/2020
UongBi/QuangNinh,26,25,26,10,16,3, ,9/16/2020
UongBi/QuangNinh,37,37,11,3,16,3, ,9/17/2020
UongBi/QuangNinh,16,13,7,4,16,3, ,9/18/2020
UongBi/QuangNinh,16,9,11,6,16,4, ,9/19/2020
UongBi/QuangNinh,16,15,15,6,16,4, ,9/20/2020
UongBi/QuangNinh,19,19,12,6,16,3, ,9/21/2020
UongBi/QuangNinh,17,17,13,8,16,4, ,9/22/2020
UongBi/QuangNinh,23,18,23,7,18,4, ,9/23/2020
UongBi/QuangNinh,30,30,24,11,17,4, ,9/24/2020
UongBi/QuangNinh,36,36,20,9,16,4, ,9/25/2020
UongBi/QuangNinh,30,30,25,9,19,4, ,9/26/2020
UongBi/QuangNinh,37,37,20,5,17,4, ,9/27/2020
UongBi/QuangNinh,29,29,25,6,17,4, ,9/28/2020
UongBi/QuangNinh,38,38,19,7,17,3, ,9/29/2020
UongBi/QuangNinh,26,26,21,7,16,4, ,9/30/2020
UongBi/QuangNinh,72,72,19,15,25,4, ,4/1/2020
UongBi/QuangNinh,35,33,29,18,35,4, ,4/2/2020
UongBi/QuangNinh,52,52,8,5,23,4, ,4/3/2020
UongBi/QuangNinh,23,14,4,3,23,4, ,4/4/2020
UongBi/QuangNinh,24,7,4,4,24,4, ,4/5/2020
UongBi/QuangNinh,20,6,9,9,20,4, ,4/6/2020
UongBi/QuangNinh,18,16,18,12,15,4, ,4/7/2020
UongBi/QuangNinh,33,32,24,20,33,4, ,4/8/2020
UongBi/QuangNinh,40,40,20,19,29,4, ,4/9/2020
UongBi/QuangNinh,36,36,17,16,25,4, ,4/10/2020
UongBi/QuangNinh,31,31,11,6,24,4, ,4/11/2020
UongBi/QuangNinh,27,17,14,7,27,4, ,4/12/2020
UongBi/QuangNinh,32,22,16,13,32,4, ,4/13/2020
UongBi/QuangNinh,28,26,14,18,28,4, ,4/14/2020
UongBi/QuangNinh,25,25,11,11,24,4, ,4/15/2020
UongBi/QuangNinh,24,19,9,7,24,4, ,4/16/2020
UongBi/QuangNinh,23,15,11,6,23,4, ,4/17/2020
UongBi/QuangNinh,23,19,12,3,23,4, ,4/18/2020
UongBi/QuangNinh,23,20,10,2,23,4, ,4/19/2020
UongBi/QuangNinh,23,16,8,1,23,4, ,4/20/2020
UongBi/QuangNinh,29,14,13,15,29,4, ,4/21/2020
UongBi/QuangNinh,29,20,5,5,29,4, ,4/22/2020
UongBi/QuangNinh,26,8,4,3,26,4, ,4/23/2020
UongBi/QuangNinh,31,7,9,8,31,4, ,4/24/2020
UongBi/QuangNinh,14,14, , , ,4, ,4/25/2020
UongBi/QuangNinh,24,24,17,10,20,1, ,6/7/2020
UongBi/QuangNinh,27,27,14,8,20,1, ,6/8/2020
UongBi/QuangNinh,25,25,16,8,20,2, ,6/9/2020
UongBi/QuangNinh,28,28,17,9,21,2, ,6/10/2020
UongBi/QuangNinh,30,30,12,8,20,2, ,6/11/2020
UongBi/QuangNinh,21,21,9,6,20,1, ,6/12/2020
UongBi/QuangNinh,20,15,9,10,20,1, ,6/13/2020
UongBi/QuangNinh,20,15,11,10,20,1, ,6/14/2020
UongBi/QuangNinh,20,18,12,6,20,1, ,6/15/2020
UongBi/QuangNinh,19,19,14,5,19,1, ,6/16/2020
UongBi/QuangNinh,22,22,12,5,19,1, ,6/17/2020
UongBi/QuangNinh,19,19,13,6,19,1, ,6/18/2020
UongBi/QuangNinh,20,20,16,4,18,1, ,6/19/2020
UongBi/QuangNinh,26,26,21,4,19,1, ,6/20/2020
UongBi/QuangNinh,36,36,20,5,19,1, ,6/21/2020
UongBi/QuangNinh,33,33,20,5,19,1, ,6/22/2020
UongBi/QuangNinh,33,33,18,6,18,1, ,6/23/2020
UongBi/QuangNinh,30,30,20,8,19,1, ,6/24/2020
UongBi/QuangNinh,34,34,16,5,19,1, ,6/25/2020
UongBi/QuangNinh,26,26,16,4,19,1, ,6/26/2020
UongBi/QuangNinh,27,27,15,4,19,1, ,6/27/2020
UongBi/QuangNinh,28,28,13,4,19,1, ,6/28/2020
UongBi/QuangNinh,23,23,13,5,19,1, ,6/29/2020
UongBi/QuangNinh,21,21,13,6,20,1, ,6/30/2020
UongBi/QuangNinh,31,31,16,10,20,3, ,2/25/2020
UongBi/QuangNinh,27,27,16,14,22,3, ,2/26/2020
UongBi/QuangNinh,27,27,12,10,20,3, ,2/27/2020
UongBi/QuangNinh,22,22,14,11,22,3, ,2/28/2020
UongBi/QuangNinh,25,25,12,6,17,3, ,2/29/2020
UongBi/QuangNinh,27,22,15,19,27,3, ,3/1/2020
UongBi/QuangNinh,26,26,12,7,17,3, ,3/2/2020
UongBi/QuangNinh,20,19,9,5,20,4, ,3/3/2020
UongBi/QuangNinh,20,16,7,2,20,4, ,3/4/2020
UongBi/QuangNinh,24,11,13,13,24,5, ,3/5/2020
UongBi/QuangNinh,23,23,14,10,21,4, ,3/6/2020
UongBi/QuangNinh,26,26,13,3,17,4, ,3/7/2020
UongBi/QuangNinh,29,22,29,15,23,4, ,3/8/2020
UongBi/QuangNinh,52,52,19,9,18,4, ,3/9/2020
UongBi/QuangNinh,29,28,26,20,29,5, ,3/10/2020
UongBi/QuangNinh,42,42,14,12,21,5, ,3/11/2020
UongBi/QuangNinh,26,26, , , ,5, ,3/12/2020
UongBi/QuangNinh,65,65,22,24,25,6, ,3/15/2020
UongBi/QuangNinh,40,40,15,11,17,5, ,3/16/2020
UongBi/QuangNinh,26,26,13,12,22,5, ,3/17/2020
UongBi/QuangNinh,23,23,11,4,21,4, ,3/18/2020
UongBi/QuangNinh,33,18,6,14,33,9, ,3/19/2020
UongBi/QuangNinh,21,17,1,9,21,5, ,3/20/2020
UongBi/QuangNinh,26,11,26,6,20,3, ,3/23/2020
UongBi/QuangNinh,24,12,24,3,17,3, ,3/24/2020
UongBi/QuangNinh,19,12,19,3,15,9, ,3/25/2020
UongBi/QuangNinh,17,16,11,4,17,9, ,3/26/2020
UongBi/QuangNinh,21,21, , ,17,9, ,3/27/2020
UongBi/QuangNinh,14,14,7,12,2,2, ,10/8/2019
UongBi/QuangNinh,24,15,8,24,3,2, ,10/9/2019
UongBi/QuangNinh,17,17, , ,3,2, ,10/10/2019
UongBi/QuangNinh,20,20,6,12,16,3, ,7/1/2019
UongBi/QuangNinh,16,11,7,10,16,3, ,7/2/2019
UongBi/QuangNinh,36,14,3,36,14,2, ,7/3/2019
UongBi/QuangNinh,14,7,5,14,14,2, ,7/4/2019
UongBi/QuangNinh,18,12,7,18,15,2, ,7/5/2019
UongBi/QuangNinh,18,14,9,18,15,2, ,7/6/2019
UongBi/QuangNinh,18,18,8,18,15,2, ,7/7/2019
UongBi/QuangNinh,18,17,11,18,15,3, ,7/8/2019
UongBi/QuangNinh,23,23,6,18,16,3, ,7/9/2019
UongBi/QuangNinh,26,12,4,26,15,3, ,7/10/2019
UongBi/QuangNinh,20,10,7,20,15,3, ,7/11/2019
UongBi/QuangNinh,19,15,7,19,14,3, ,7/12/2019
UongBi/QuangNinh,20,18,8,20,16,3, ,7/13/2019
UongBi/QuangNinh,27,20,5,27,16,2, ,7/14/2019
UongBi/QuangNinh,14,13,4,14,14,3, ,7/15/2019
UongBi/QuangNinh,16,10,5,16,15,3, ,7/16/2019
UongBi/QuangNinh,21,11,5,21,16,3, ,7/17/2019
UongBi/QuangNinh,13,12,5,13,1,3, ,7/18/2019
UongBi/QuangNinh,26,12,6,26,3,2, ,7/19/2019
UongBi/QuangNinh,17,13,5,17,2,2, ,7/20/2019
UongBi/QuangNinh,23,11,4,23,4,3, ,7/21/2019
UongBi/QuangNinh,24,9,4,24,3,2, ,7/22/2019
UongBi/QuangNinh,29,9,5,29,11,2, ,7/23/2019
UongBi/QuangNinh,60,11,3,60,4,2, ,7/24/2019
UongBi/QuangNinh,60,7, ,60,4,2, ,7/25/2019
UongBi/QuangNinh,13,10,5,13,4,3, ,7/28/2019
UongBi/QuangNinh,27,11,5,27,10,2, ,7/29/2019
UongBi/QuangNinh,17,13,5,17,3,3, ,7/30/2019
UongBi/QuangNinh,12,11,4,12,2,3, ,7/31/2019
UongBi/QuangNinh,10,10,4,10,2,3, ,8/1/2019
UongBi/QuangNinh,9,9,2,9,2,3, ,8/2/2019
UongBi/QuangNinh,6,4,1,6,1,2, ,8/3/2019
UongBi/QuangNinh,13,3,3,13,2,3, ,8/4/2019
UongBi/QuangNinh,12,7,5,12,6,3, ,8/5/2019
UongBi/QuangNinh,19,10,7,19,6,3, ,8/6/2019
UongBi/QuangNinh,27,17,6,27,6,3, ,8/7/2019
UongBi/QuangNinh,24,14,6,24,2,3, ,8/8/2019
UongBi/QuangNinh,24,14,8,24,3,3, ,8/9/2019
UongBi/QuangNinh,19,19,4,13,1,2, ,8/10/2019
UongBi/QuangNinh,16,9,5,16,1,2, ,8/11/2019
UongBi/QuangNinh,41,11,8,41,3,3, ,8/12/2019
UongBi/QuangNinh,35,17,10,35,14,3, ,8/13/2019
UongBi/QuangNinh,26,22,8,26,4,3, ,8/14/2019
UongBi/QuangNinh,35,18,7,35,7,2, ,8/15/2019
UongBi/QuangNinh,25,15,6,25,4,2, ,8/16/2019
UongBi/QuangNinh,20,14,8,20,1,3, ,8/17/2019
UongBi/QuangNinh,26,19,9,26,5,3, ,8/18/2019
UongBi/QuangNinh,27,21,7,27,3,3, ,8/19/2019
UongBi/QuangNinh,26,15,5,26,3,3, ,8/20/2019
UongBi/QuangNinh,21,10,4,21,6,2, ,8/21/2019
UongBi/QuangNinh,19,8,5,19,4,3, ,8/22/2019
UongBi/QuangNinh,15,12,6,15,1,3, ,8/23/2019
UongBi/QuangNinh,15,13, ,15,1,3, ,8/24/2019
UongBi/QuangNinh,14,14,6,12,2,2, ,8/28/2019
UongBi/QuangNinh,20,13,3,20,12,2, ,8/29/2019
UongBi/QuangNinh,10,7,1,10,1,2, ,8/30/2019
UongBi/QuangNinh,8,2,2,8,1,2, ,8/31/2019
UongBi/QuangNinh,6,3,5,6,1,2, ,9/1/2019
UongBi/QuangNinh,12,12,3,6,1,2, ,9/2/2019
UongBi/QuangNinh,9,9,3,7,1,2, ,9/3/2019
UongBi/QuangNinh,31,9,6,31,3,2, ,9/4/2019
UongBi/QuangNinh,21,15,9,21,3,3, ,9/5/2019
UongBi/QuangNinh,22,22,7,18,4,2, ,9/6/2019
UongBi/QuangNinh,18,18,4,10,1,2, ,9/7/2019
UongBi/QuangNinh,10,10,4,8,1,2, ,9/8/2019
UongBi/QuangNinh,9,9,3,6,1,2, ,9/9/2019
UongBi/QuangNinh,9,8,4,9,6,2, ,9/10/2019
UongBi/QuangNinh,9,9,5,6,2,2, ,9/11/2019
UongBi/QuangNinh,11,11,7,7,4,2, ,9/12/2019
UongBi/QuangNinh,17,17,8,8,6,2, ,9/13/2019
UongBi/QuangNinh,19,19,8,5,2,2, ,9/14/2019
UongBi/QuangNinh,19,19,7,9,3,3, ,9/15/2019
UongBi/QuangNinh,18,18,9,8,10,3, ,9/16/2019
UongBi/QuangNinh,25,20,9,11,25,3, ,9/17/2019
UongBi/QuangNinh,21,21,6,7,21,3, ,9/18/2019
UongBi/QuangNinh,23,16,11,9,23,3, ,9/19/2019
UongBi/QuangNinh,26,26,8,4,21,2, ,9/20/2019
UongBi/QuangNinh,23,18,6,5,23,2, ,9/21/2019
UongBi/QuangNinh,21,12,9,11,21,2, ,9/22/2019
UongBi/QuangNinh,22,19,11,10,22,2, ,9/23/2019
UongBi/QuangNinh,23,22,12,12,23,3, ,9/24/2019
UongBi/QuangNinh,25,25,13,14,25,3, ,9/25/2019
UongBi/QuangNinh,28,28,13,14,25,3, ,9/26/2019
UongBi/QuangNinh,29,29,15,15,25,3, ,9/27/2019
UongBi/QuangNinh,34,34,15,16,27,3, ,9/28/2019
UongBi/QuangNinh,36,36,15,11,26,3, ,9/29/2019
